Gender,Married,Dependents,Graduated,Self_Employed,ApplicantIncome,CoapplicantIncome,LoanAmount,LoanDurationMonths,Credit_Score,Loan_Status,TotalIncome,LoanIncomeRatio,Area_Type_Rural,Area_Type_Semiurban,Area_Type_Urban
1,0,0,0,0,0.6980291345329905,-0.5173577103058005,0.0,0.2732312961117544,1,1,0.12888326007598896,0.0,0,0,1
1,1,1,0,0,0.2640959725792631,0.13907933398628794,0.0,0.2732312961117544,1,0,0.20099828652313192,0.0,1,0,0
1,1,0,0,1,-0.27849185946872324,-0.5173577103058005,-0.9612403100775194,0.2732312961117544,1,1,-0.7201072785517395,0.0,0,0,1
1,1,0,1,0,-0.4214224507283633,0.5090869517901839,-0.12403100775193798,0.2732312961117544,1,1,-0.1416970870893243,0.0,0,0,1
1,0,0,0,0,0.7497857754927164,-0.5173577103058005,0.20155038759689922,0.2732312961117544,1,1,0.17388065261118976,0.0,0,0,1
1,1,2,0,1,0.5499571550985433,1.3091740124061377,2.0697674418604652,0.2732312961117544,1,1,1.250540117708411,0.0,0,0,1
1,1,0,1,0,-0.5071122536418167,0.14256175862444226,-0.5116279069767442,0.2732312961117544,1,1,-0.46710869403263056,0.0,0,0,1
1,1,3,0,0,-0.26615252784918597,0.5726412014365002,0.46511627906976744,0.2732312961117544,0,0,0.03680250316620726,0.0,0,1,0
1,1,2,0,0,0.06632390745501285,0.14691478942213515,0.6201550387596899,0.2732312961117544,1,1,0.03441853534977278,0.0,0,0,1
1,1,1,0,0,2.1795201371036845,1.9826422896941995,2.0697674418604652,0.2732312961117544,1,0,2.1273560306935857,0.0,0,1,0
1,1,2,0,0,-0.2099400171379606,-0.21264555446729785,-0.8992248062015504,0.2732312961117544,1,1,-0.45191089920286076,0.0,0,0,1
1,1,2,0,0,-0.4498714652956298,0.28359995646969205,-0.29457364341085274,0.2732312961117544,1,1,-0.32079266929896444,0.0,0,0,1
1,1,2,0,0,-0.2534704370179949,1.9826422896941995,1.1162790697674418,0.2732312961117544,1,1,1.71720181777546,0.0,0,0,1
1,0,0,0,0,-0.671636675235647,0.7189030362389814,-0.21705426356589147,0.2732312961117544,1,0,-0.2156000893987931,0.0,1,0,0
1,1,2,0,0,-0.8615252784918594,-0.04461856567635216,-1.7209302325581395,-3.4548579441686273,1,1,-0.9033748044401401,0.0,0,0,1
1,0,0,0,0,0.3898886032562125,-0.5173577103058005,-0.046511627906976744,0.2732312961117544,1,1,-0.1390151232958355,0.0,0,0,1
1,0,1,1,0,-0.07420736932305055,-0.5173577103058005,-0.43410852713178294,-1.5908133240284363,1,1,-0.5425016762273709,0.0,0,0,1
0,0,0,0,0,-0.1036846615252785,-0.5173577103058005,-0.8062015503875969,0.2732312961117544,0,0,-0.5681293302540416,0.0,0,0,1
1,1,0,1,0,0.3682947729220223,-0.5173577103058005,0.07751937984496124,0.2732312961117544,1,0,-0.15778886985025703,0.0,1,0,0
1,1,0,0,0,-0.4155955441302485,1.0062030688867123,-0.20155038759689922,0.2732312961117544,1,1,0.20368025031662074,0.0,0,0,1
1,1,0,1,0,1.3187660668380463,-0.5173577103058005,-0.37209302325581395,0.2732312961117544,0,0,0.6685539745213439,0.0,0,0,1
1,1,1,0,0,0.7343616109682948,1.9312221133964522,2.0697674418604652,0.2732312961117544,1,1,1.8366982045742382,0.0,0,0,1
1,1,0,1,0,-0.4155955441302485,0.3145064751333116,-0.18604651162790697,0.2732312961117544,0,0,-0.2698353572226775,0.0,0,1,0
1,1,2,1,0,-0.1533847472150814,0.3171182936119273,-0.24806201550387597,0.2732312961117544,0,0,-0.04008045891380466,0.0,1,0,0
1,1,1,0,0,-0.03273350471293916,0.755903798019371,0.35658914728682173,0.2732312961117544,1,0,0.3651940698800566,0.0,0,1,0
1,1,0,0,1,1.9700085689802913,-0.5173577103058005,0.9767441860465116,0.2732312961117544,1,1,1.2347463309245326,0.0,0,1,0
1,1,0,0,0,-0.3473864610111397,0.4633801284144085,-0.09302325581395349,0.2732312961117544,1,1,-0.10861953363629591,0.0,0,1,0
1,1,2,1,0,0.14173093401885176,-0.06464250734573947,-0.27906976744186046,0.2732312961117544,1,1,-0.04484839454667362,0.0,0,0,1
1,0,0,1,0,-0.8125107112253642,-0.5173577103058005,-1.441860465116279,0.2732312961117544,1,0,-1.1843850108023541,0.0,0,0,1
0,0,2,0,0,-0.021422450728363324,0.38937860485362935,-0.12403100775193798,0.2732312961117544,1,1,0.12411532444312001,0.0,0,1,0
1,1,1,0,0,0.12116538131962297,0.9491783654369355,1.1317829457364341,0.2732312961117544,1,0,0.6313044773895552,0.0,0,0,1
1,0,0,0,0,-0.22125107112253642,-0.5173577103058005,-0.8372093023255814,0.2732312961117544,1,0,-0.6703419503836698,0.0,0,0,1
1,0,1,0,1,0.3014567266495287,-0.5173577103058005,-0.34108527131782945,0.2732312961117544,1,0,-0.21589808537584743,0.0,1,0,0
1,1,0,0,0,-0.10711225364181662,0.20829252366960496,-0.21705426356589147,0.2732312961117544,1,1,-0.07434999627505029,0.0,0,1,0
1,0,3,0,0,2.1795201371036845,0.7885515290020677,2.0697674418604652,0.2732312961117544,1,0,2.1273560306935857,0.0,1,0,0
1,1,0,0,0,-0.5269922879177378,0.3824137555773207,0.0,0.2732312961117544,1,1,-0.32019667734485585,0.0,0,0,1
1,1,0,0,0,-0.6802056555269923,0.06159538578735445,-0.43410852713178294,0.2732312961117544,0,0,-0.6730239141771586,0.0,0,0,1
0,1,0,0,0,-0.04987146529562982,0.11774948307759277,0.24806201550387597,0.2732312961117544,1,1,-0.08656783133427699,0.0,0,1,0
1,0,0,0,0,0.12116538131962297,1.9826422896941995,0.8682170542635659,0.2732312961117544,1,1,1.775907025255159,0.0,0,0,1
1,0,0,1,0,-0.02210796915167095,0.20872782674937426,-0.27906976744186046,0.2732312961117544,1,1,-0.00014899798852715488,0.0,0,1,0
1,0,0,0,0,-0.0728363324764353,-0.5173577103058005,-0.7441860465116279,0.2732312961117544,1,0,-0.5413096923191537,0.0,0,0,1
1,0,0,0,0,-0.689802913453299,0.01066492545434759,-1.255813953488372,0.2732312961117544,1,1,-0.7162333308500335,0.0,0,0,1
1,1,0,0,0,-0.48414738646101113,-0.5173577103058005,-0.8217054263565892,0.2732312961117544,1,1,-0.8989048647843254,0.0,0,0,1
1,1,0,0,0,0.044044558697514995,0.49951028403525954,0.09302325581395349,0.2732312961117544,1,1,0.25642553825523356,0.0,0,1,0
1,1,0,1,1,0.30248500428449016,-0.5173577103058005,-0.49612403100775193,0.2732312961117544,1,1,-0.2150040974446845,0.0,0,0,1
0,0,0,0,0,-0.1379605826906598,-0.5173577103058005,-0.6201550387596899,0.2732312961117544,1,1,-0.5979289279594725,0.0,0,0,1
1,1,1,0,0,0.6294772922022279,-0.5173577103058005,-1.302325581395349,0.2732312961117544,1,1,0.06928406466512702,0.0,0,0,1
1,1,0,0,0,0.6884318766066838,-0.5173577103058005,0.24806201550387597,0.2732312961117544,1,1,0.1205393727184683,0.0,0,0,1
0,1,0,0,0,-0.4001713796058269,0.980084884100555,-0.12403100775193798,0.2732312961117544,0,0,0.19921031066080608,0.0,0,0,1
0,0,0,0,0,0.06426735218508997,0.4729567961693329,0.24806201550387597,0.2732312961117544,1,1,0.2558295463011249,0.0,0,1,0
0,1,0,1,0,-0.6459297343616109,0.1982805528349113,-0.43410852713178294,0.2732312961117544,1,1,-0.5496535796766744,0.0,0,1,0
0,0,0,0,0,-0.2490145672664953,-0.5173577103058005,-0.12403100775193798,0.2732312961117544,1,1,-0.694479624525069,0.0,0,1,0
0,0,0,0,0,0.143101970865467,-0.5173577103058005,-0.24806201550387597,0.2732312961117544,1,0,-0.35357222677493855,0.0,0,1,0
1,1,2,0,0,0.2754070265638389,-0.5173577103058005,0.09302325581395349,0.2732312961117544,1,0,-0.23854577963197496,0.0,0,0,1
0,1,1,0,1,2.1795201371036845,-0.5173577103058005,2.0697674418604652,0.2732312961117544,0,0,1.8128585264098935,0.0,0,0,1
1,1,2,0,0,-0.37857754927163667,-0.009359016215039722,-0.4806201550387597,0.2732312961117544,1,1,-0.4593607986292185,0.0,0,1,0
1,1,0,0,0,-0.5760068551842331,0.17520948960713897,-0.49612403100775193,0.2732312961117544,1,1,-0.5046561871414736,0.0,0,1,0
1,1,0,0,0,-0.15304198800342758,0.4403090651866362,0.10852713178294573,0.2732312961117544,1,0,0.04455039856961931,0.0,1,0,0
1,1,1,0,0,1.4627249357326477,0.46207421917510066,0.8062015503875969,0.2732312961117544,1,1,1.464203233256351,0.0,0,0,1
1,1,2,1,0,-0.1561268209083119,0.7271737947545979,0.24806201550387597,0.2732312961117544,1,1,0.23824778365492066,0.0,0,0,1
1,1,0,0,0,-0.4498714652956298,1.135052780498422,-0.12403100775193798,0.2732312961117544,1,1,0.26208746181926545,0.0,0,0,1
1,1,3,0,0,-0.2685518423307626,-0.5173577103058005,-0.4496124031007752,0.2732312961117544,1,1,-0.7114653952171646,0.0,0,0,1
1,1,0,1,1,-0.4125107112253642,0.9840026118184786,0.5736434108527132,-2.5228356340985316,0,0,0.19116441928033973,0.0,1,0,0
1,1,1,0,0,0.38817480719794345,-0.5173577103058005,0.0,0.2732312961117544,0,0,-0.14050510318110707,0.0,1,0,0
0,0,0,0,0,0.12116538131962297,-0.5173577103058005,-0.18604651162790697,0.2732312961117544,0,0,-0.37264396930641436,0.0,0,1,0
1,1,0,0,0,0.6558697514995715,1.4828599412340842,2.0155038759689923,0.2732312961117544,1,0,1.4615212694628623,0.0,0,1,0
1,0,0,1,0,-0.2099400171379606,0.4638154314941778,-0.031007751937984496,-2.5228356340985316,0,0,0.011174849139536615,0.0,0,0,1
1,1,1,0,0,2.1795201371036845,-0.5173577103058005,2.0697674418604652,0.2732312961117544,1,1,1.589361543619161,0.0,0,0,1
1,1,3,1,1,1.126820908311911,-0.5173577103058005,-0.046511627906976744,-4.386880254238722,1,1,0.5016762273709305,0.0,0,0,1
0,0,0,0,0,0.16709511568123395,-0.5173577103058005,0.12403100775193798,0.2732312961117544,0,0,-0.33271250838113686,0.0,0,1,0
1,1,0,0,0,-0.20719794344473008,0.8172815322668407,0.6821705426356589,0.2732312961117544,1,1,0.2555315503240706,0.0,0,0,1
1,1,2,1,1,-0.6640959725792631,0.29883556426161717,-0.4806201550387597,0.2732312961117544,1,1,-0.49661029576100724,0.0,0,1,0
1,0,0,0,0,-0.10711225364181662,-0.5173577103058005,-0.7286821705426356,-0.6587910139583409,1,1,-0.5711092900245847,0.0,0,1,0
1,1,3,1,0,0.32305055698371893,-0.5173577103058005,-0.5116279069767442,0.2732312961117544,0,0,-0.1971243388214259,0.0,0,1,0
1,1,3,0,1,0.4982005141388175,0.2548699532049189,0.9147286821705426,0.2732312961117544,1,1,0.4837964687476719,0.0,0,1,0
1,0,0,0,0,-0.021422450728363324,-0.5173577103058005,-0.23255813953488372,2.1372759162519452,1,0,-0.49661029576100724,0.0,0,0,1
1,0,0,0,0,-0.021422450728363324,1.550331918598324,0.7441860465116279,0.2732312961117544,1,0,0.9188705952469641,0.0,0,0,1
1,1,1,0,1,-0.9640102827763496,0.7981281967569921,-0.27906976744186046,0.2732312961117544,1,0,-0.41555539000223496,0.0,0,0,1
1,1,3,0,0,-0.22125107112253642,1.223854608771357,0.8062015503875969,-0.6587910139583409,0,0,0.5216419578335693,0.0,0,1,0
1,1,3,1,1,-0.16435304198800343,0.42550876047448033,0.031007751937984496,0.2732312961117544,1,1,0.024584668106980557,0.0,0,1,0
0,0,0,0,0,0.011482433590402743,-0.5173577103058005,-0.26356589147286824,0.2732312961117544,1,1,-0.46800268196379347,0.0,0,1,0
1,1,1,0,1,-0.48586118251928023,-0.5173577103058005,0.0,0.2732312961117544,1,1,-0.900394844669597,0.0,0,1,0
0,1,2,0,0,-0.8344473007712082,0.30144738274023286,0.6046511627906976,0.2732312961117544,1,0,-0.6429263204946734,0.0,0,0,1
1,1,0,0,0,0.7497857754927164,0.46207421917510066,2.0697674418604652,0.2732312961117544,1,0,0.8443716009833867,0.0,0,1,0
1,1,1,0,0,0.060154241645244216,-0.5173577103058005,-1.2093023255813953,-1.5908133240284363,1,1,-0.4256872532220815,0.0,0,0,1
1,0,0,0,0,-0.4958011996572408,0.5843943845902709,0.12403100775193798,0.2732312961117544,1,1,-0.15480891007971392,0.0,0,1,0
1,1,2,1,0,-0.16435304198800343,0.3532484492327783,-0.4496124031007752,0.2732312961117544,1,1,-0.024882664084034865,0.0,0,1,0
1,1,0,0,0,-0.4498714652956298,0.40461421264555447,-0.37209302325581395,0.2732312961117544,1,1,-0.23794978767786634,0.0,0,1,0
1,0,0,0,0,1.6293059125964011,-0.5173577103058005,1.2713178294573644,0.2732312961117544,1,1,0.9385383297325486,0.0,0,0,1
1,1,0,0,0,0.6452442159383034,1.2965502230928283,0.7286821705426356,0.2732312961117544,1,1,1.324741115994934,0.0,0,1,0
1,1,0,0,0,-0.2928877463581834,0.7450212210251388,0.046511627906976744,0.2732312961117544,1,1,0.13156522386947775,0.0,0,1,0
1,1,2,0,0,0.8354755784061697,1.9438459027097617,0.9302325581395349,-2.5228356340985316,1,1,1.9332489011398346,0.0,0,1,0
1,1,2,1,0,-0.1849185946872322,0.2748938948743062,-0.7286821705426356,0.2732312961117544,1,1,-0.0964016985770692,0.0,0,0,1
1,0,0,0,0,0.10985432733504713,-0.5173577103058005,-0.09302325581395349,0.2732312961117544,1,1,-0.3824778365492066,0.0,0,1,0
1,0,0,1,0,-0.06598114824335904,-0.5173577103058005,-1.5968992248062015,-3.4548579441686273,1,1,-0.5353497727780675,0.0,0,1,0
1,0,0,0,0,1.0178234790059983,-0.5173577103058005,0.0,0.2732312961117544,1,0,0.40691350666765996,0.0,0,0,1
0,1,0,0,0,-0.45535561268209085,0.4847099793231037,0.13953488372093023,0.2732312961117544,1,1,-0.1878864635327423,0.0,0,1,0
1,1,0,0,0,-0.6291345329905741,-0.08336053977581892,-1.2093023255813953,0.2732312961117544,1,1,-0.7278551739551516,0.0,0,1,0
1,1,0,1,0,0.12870608397600686,-0.5173577103058005,-0.20155038759689922,-2.5228356340985316,1,1,-0.36608805781121956,0.0,0,1,0
1,1,0,0,0,-0.7038560411311054,1.0240504951572533,0.046511627906976744,0.2732312961117544,1,1,-0.03471653132682709,0.0,0,1,0
1,1,2,1,0,0.16298200514138816,0.9030362389813908,0.07751937984496124,-2.5228356340985316,1,1,0.6360724130224242,0.0,0,0,1
1,0,0,0,0,0.3532133676092545,1.139405811296115,0.35658914728682173,0.2732312961117544,1,1,0.9632719958280563,0.0,0,1,0
1,1,0,0,0,2.1795201371036845,-0.5173577103058005,0.0,0.2732312961117544,1,1,2.1273560306935857,0.0,0,0,1
1,1,0,0,0,0.2877463581833762,1.0423332245075634,0.0,0.2732312961117544,1,1,0.839901661327572,0.0,0,1,0
1,2,0,0,0,0.001199657240788346,-0.18913918815975622,0.49612403100775193,0.2732312961117544,1,1,-0.25225359457647323,0.0,0,0,1
1,1,1,0,0,-0.26066838046272495,-0.06899553814343236,-0.43410852713178294,0.2732312961117544,1,1,-0.3976756313789764,0.0,0,0,1
1,1,2,0,0,2.1795201371036845,-0.027206442485580587,1.503875968992248,0.2732312961117544,1,1,2.1236683304775386,0.0,0,0,1
1,0,0,1,0,1.2066838046272494,-0.5173577103058005,-0.12403100775193798,0.2732312961117544,1,0,0.5711092900245847,0.0,1,0,0
1,1,2,0,0,-0.004284490145672665,1.0497333768636412,1.3643410852713178,0.2732312961117544,0,0,0.5910750204872234,0.0,0,0,1
1,1,3,1,0,-0.5969151670951157,-0.18913918815975622,-0.5271317829457365,2.1372759162519452,1,1,-0.7722565745362437,0.0,0,1,0
1,0,0,0,0,0.5153384747215082,-0.5173577103058005,0.12403100775193798,0.2732312961117544,1,1,-0.029948595693958132,0.0,0,0,1
0,1,0,0,0,-0.30282776349614393,0.4982043747959517,0.17054263565891473,0.2732312961117544,1,1,-0.04604037845489086,0.0,0,1,0
1,1,0,1,0,-0.08243359040274208,1.273479159865056,0.37209302325581395,0.2732312961117544,0,0,0.676301869924756,0.0,1,0,0
0,0,1,0,1,1.2471293916023993,-0.5173577103058005,0.0,0.2732312961117544,1,1,0.6062728153169932,0.0,0,1,0
1,0,0,0,0,0.4241645244215938,-0.5173577103058005,-0.15503875968992248,0.2732312961117544,1,1,-0.10921552559040452,0.0,0,1,0
1,1,1,0,0,2.1795201371036845,-0.5173577103058005,0.8837209302325582,-2.5228356340985316,1,1,2.1273560306935857,0.0,1,0,0
0,1,0,0,0,-0.22125107112253642,0.47643922080748724,0.40310077519379844,0.2732312961117544,1,1,0.009982865231319377,0.0,0,1,0
1,1,1,0,0,-0.5479005998286204,0.09119599521166612,-0.6666666666666666,0.2732312961117544,1,1,-0.537733740594502,0.0,0,0,1
1,1,0,0,0,0.601713796058269,0.4150614865600174,0.7286821705426356,0.2732312961117544,1,0,0.6834537733740594,0.0,1,0,0
0,0,0,0,0,2.1795201371036845,-0.5173577103058005,2.0310077519379846,0.2732312961117544,1,1,1.4874469194665871,0.0,0,0,1
1,1,0,0,0,0.6356469580119966,0.6435956034388943,0.8062015503875969,0.2732312961117544,1,1,0.8694032630559487,0.0,1,0,0
0,0,0,0,0,0.12116538131962297,-0.5173577103058005,-1.302325581395349,0.2732312961117544,1,1,-0.37264396930641436,0.0,0,1,0
0,0,0,0,0,-0.574293059125964,1.9826422896941995,0.13953488372093023,0.2732312961117544,0,1,1.6987260671980928,0.0,0,1,0
1,1,2,0,0,-0.2932305055698372,-0.5173577103058005,-0.7286821705426356,0.2732312961117544,1,1,-0.7329211055650748,0.0,0,1,0
1,1,0,1,0,0.16709511568123395,0.35934269234954835,1.0232558139534884,0.2732312961117544,1,1,0.267451389406243,0.0,1,0,0
0,0,0,0,0,-0.04130248500428449,-0.5173577103058005,-0.5426356589147286,0.2732312961117544,1,1,-0.5138940624301572,0.0,1,0,0
1,1,3,0,0,2.1795201371036845,-0.5173577103058005,2.0697674418604652,0.2732312961117544,1,1,2.1273560306935857,0.0,1,0,0
1,0,0,0,0,0.017994858611825194,0.19653934051583416,0.0,0.2732312961117544,1,1,0.026372643969306414,0.0,1,0,0
1,1,1,0,1,2.1795201371036845,1.1585591468059637,0.49612403100775193,-2.5228356340985316,0,0,2.1273560306935857,0.0,0,0,1
1,1,0,0,0,0.7772065124250214,0.600935901621504,0.8372093023255814,0.2732312961117544,1,0,0.9632719958280563,0.0,1,0,0
1,0,0,0,1,2.1795201371036845,-0.5173577103058005,2.0697674418604652,2.1372759162519452,1,1,2.1273560306935857,0.0,0,0,1
1,0,0,0,0,-0.616452442159383,0.3223419305691588,-0.8372093023255814,0.2732312961117544,1,1,-0.43909707218952543,0.0,0,0,1
1,0,0,0,0,-0.3751499571550985,-0.5173577103058005,-0.8992248062015504,0.2732312961117544,1,1,-0.8041421440810549,0.0,0,1,0
1,1,0,0,1,-0.12116538131962297,-0.5173577103058005,-1.5968992248062015,-3.4548579441686273,1,1,-0.5833271250838113,0.0,0,1,0
1,0,0,0,0,0.37103684661525277,-0.5173577103058005,-0.40310077519379844,0.2732312961117544,1,1,-0.15540490203382254,0.0,0,1,0
1,1,3,0,0,0.06426735218508997,1.9826422896941995,2.0697674418604652,0.2732312961117544,1,0,1.887357520673471,0.0,0,1,0
0,1,0,0,0,0.2640959725792631,-0.5173577103058005,-0.6821705426356589,0.2732312961117544,1,0,-0.24837964687476718,0.0,1,0,0
1,1,2,0,1,-0.17017994858611826,1.0062030688867123,-0.6201550387596899,0.2732312961117544,1,1,0.4170453698875065,0.0,0,0,1
1,0,0,0,0,2.1795201371036845,-0.5173577103058005,1.7674418604651163,0.2732312961117544,0,0,2.1273560306935857,0.0,0,1,0
1,1,2,1,0,0.1328191945158526,0.10512569376428338,0.015503875968992248,0.2732312961117544,1,0,0.06362214110109514,0.0,1,0,0
1,1,2,0,0,0.4214224507283633,0.38937860485362935,0.8837209302325582,0.2732312961117544,1,0,0.5091261267972882,0.0,1,0,0
1,0,0,0,0,0.5499571550985433,-0.5173577103058005,0.6201550387596899,0.2732312961117544,1,1,0.00014899798852715488,0.0,0,0,1
1,0,0,0,1,1.075407026563839,-0.5173577103058005,0.7286821705426356,-2.5228356340985316,1,1,0.456976830812784,0.0,0,1,0
1,1,0,0,0,-0.3820051413881748,0.36804875394493414,-0.09302325581395349,0.2732312961117544,1,1,-0.20397824629367503,0.0,0,1,0
1,1,2,0,0,2.1795201371036845,-0.5173577103058005,0.9147286821705426,-2.5228356340985316,1,1,1.8894434925128512,0.0,0,0,1
0,1,0,0,0,-0.508140531276778,1.4354119055392316,-0.43410852713178294,0.2732312961117544,1,1,0.4170453698875065,0.0,0,1,0
0,1,2,0,0,2.1795201371036845,-0.5173577103058005,-0.8992248062015504,0.2732312961117544,1,1,2.1273560306935857,0.0,0,0,1
1,1,1,0,0,-0.7796058269065981,0.10294917836543693,-1.5193798449612403,0.2732312961117544,1,1,-0.731133129702749,0.0,0,0,1
0,0,0,0,0,2.120822622107969,0.20785722058983566,1.503875968992248,0.2732312961117544,1,0,1.8623258586009088,0.0,1,0,0
1,1,0,0,0,0.35904027420736934,-0.15605615409729023,-0.046511627906976744,0.2732312961117544,1,1,0.08150189972435372,0.0,0,1,0
1,0,0,0,0,0.8447300771208226,-0.5173577103058005,-0.15503875968992248,0.2732312961117544,0,0,0.25642553825523356,0.0,1,0,0
1,1,0,0,1,-0.4234790059982862,1.1150288388290348,0.37209302325581395,0.2732312961117544,1,1,0.27132533710794904,0.0,1,0,0
1,0,0,0,0,1.8349614395886888,-0.5173577103058005,1.7984496124031009,0.2732312961117544,1,0,1.1173359159651344,0.0,0,0,1
1,1,2,1,0,-0.5249357326478149,-0.5173577103058005,-0.23255813953488372,0.2732312961117544,1,0,-0.9343663860537883,0.0,1,0,0
1,0,0,0,0,-0.19143101970865467,-0.5173577103058005,-1.2093023255813953,0.2732312961117544,1,1,-0.6444163003799449,0.0,0,0,1
1,1,3,0,0,2.1795201371036845,-0.5173577103058005,2.0697674418604652,-2.5228356340985316,0,1,2.1273560306935857,0.0,0,1,0
1,1,1,0,0,0.7497857754927164,-0.5173577103058005,0.49612403100775193,0.2732312961117544,1,1,0.17388065261118976,0.0,1,0,0
1,1,1,0,0,1.9624678663239075,-0.5173577103058005,0.9147286821705426,0.2732312961117544,1,1,1.2281904194293376,0.0,0,0,1
1,0,0,0,0,-0.2853470437017995,0.38937860485362935,-0.12403100775193798,0.2732312961117544,1,1,-0.10534157788869851,0.0,1,0,0
1,1,0,0,0,0.2640959725792631,1.9312221133964522,1.9689922480620154,0.2732312961117544,1,1,1.4278477240557252,0.0,0,1,0
1,1,0,1,0,-0.6682090831191089,-0.06420720426597018,-0.46511627906976744,0.2732312961117544,1,1,-0.7487148923489533,0.0,0,1,0
1,1,0,0,0,1.4123393316195372,-0.5173577103058005,2.0697674418604652,0.2732312961117544,1,0,0.7499068762571706,0.0,0,0,1
1,1,1,0,0,-0.24798628963153385,0.039830231798889976,-0.10852713178294573,0.2732312961117544,0,0,-0.3121507859643895,0.0,0,1,0
1,1,2,0,0,0.12150814053127677,0.1125258461203613,0.46511627906976744,0.2732312961117544,1,1,0.05885420546822618,0.0,1,0,0
1,1,0,0,0,1.8887746358183377,-0.5173577103058005,-0.8217054263565892,-2.5228356340985316,1,1,1.1641212843626612,0.0,0,0,1
1,1,0,0,0,-0.03616109682947729,0.8608118402437698,0.8372093023255814,0.2732312961117544,1,1,0.4340311405796022,0.0,1,0,0
0,1,0,0,0,0.2640959725792631,-0.5173577103058005,-0.24806201550387597,0.2732312961117544,1,0,-0.24837964687476718,0.0,1,0,0
1,1,0,0,0,-0.47077977720651243,0.9335074545652411,0.015503875968992248,0.2732312961117544,1,1,0.10593756984280712,0.0,1,0,0
1,0,0,0,0,-0.5400171379605827,-0.5173577103058005,-1.0077519379844961,2.1372759162519452,0,0,-0.9474782090441779,0.0,0,1,0
1,1,2,0,0,1.4353041988003428,-0.5173577103058005,1.1162790697674418,0.2732312961117544,1,1,0.7698726067198093,0.0,0,1,0
1,1,0,1,0,-0.6829477292202228,0.25269343780607245,-0.5116279069767442,0.2732312961117544,1,1,-0.5445876480667511,0.0,1,0,0
1,1,3,0,0,2.1795201371036845,-0.5173577103058005,2.0697674418604652,-0.6587910139583409,1,1,2.1273560306935857,0.0,0,0,1
1,1,3,1,0,-0.09957155098543273,-0.5173577103058005,-0.7286821705426356,-2.5228356340985316,1,0,-0.5645533785293898,0.0,1,0,0
1,1,0,0,0,0.6497000856898029,1.9312221133964522,0.9147286821705426,0.2732312961117544,1,1,1.7630931982418236,0.0,0,1,0
1,1,0,1,1,0.18217652099400172,-0.19697464359560343,-0.6356589147286822,0.2732312961117544,1,0,-0.10027564627877524,0.0,0,1,0
1,1,0,0,0,-0.10814053127677806,0.3375775383610839,-0.18604651162790697,0.2732312961117544,1,1,0.013260820978916784,0.0,1,0,0
1,1,2,0,0,-0.6058269065981148,0.18739797584067908,-0.4186046511627907,0.2732312961117544,1,1,-0.5222379497876779,0.0,1,0,0
1,1,3,0,0,0.5838903170522708,1.9826422896941995,2.0697674418604652,0.2732312961117544,0,0,2.1273560306935857,0.0,0,1,0
1,1,1,0,0,-0.021422450728363324,-0.5173577103058005,-0.18604651162790697,0.2732312961117544,1,1,-0.49661029576100724,0.0,0,1,0
1,0,0,1,0,-0.5071122536418167,0.11426705843943846,-0.40310077519379844,2.1372759162519452,0,0,-0.4864784325411607,0.0,0,0,1
1,1,1,0,0,0.8868894601542416,1.9826422896941995,0.8062015503875969,0.2732312961117544,0,0,2.1273560306935857,0.0,0,0,1
1,0,0,0,0,-0.6500428449014567,1.6865817825661116,-0.9457364341085271,0.2732312961117544,1,0,0.465618714147359,0.0,1,0,0
1,1,0,0,0,0.2699228791773779,-0.5173577103058005,-0.8527131782945736,-2.5228356340985316,1,1,-0.24331371526484394,0.0,0,1,0
1,1,1,0,0,2.1795201371036845,-0.5173577103058005,2.046511627906977,0.2732312961117544,1,0,2.1273560306935857,0.0,0,1,0
0,1,0,0,0,-0.06426735218508997,-0.5173577103058005,-0.31007751937984496,0.2732312961117544,1,1,-0.533859792892796,0.0,0,1,0
1,1,0,0,1,2.1795201371036845,1.550331918598324,-0.12403100775193798,0.2732312961117544,1,1,2.1273560306935857,0.0,0,1,0
1,1,1,0,1,-0.5602399314481576,-0.5173577103058005,-0.9612403100775194,-0.6587910139583409,0,0,-0.9650599716903822,0.0,1,0,0
1,1,0,0,0,-0.489974293059126,0.41332027424094026,-1.0852713178294573,0.2732312961117544,1,1,-0.2668553974521344,0.0,1,0,0
1,1,0,0,1,-1.0757497857754927,1.788007400152356,0.6201550387596899,0.2732312961117544,1,1,0.16494077329956044,0.0,1,0,0
1,1,0,0,0,1.8904884318766066,-0.5173577103058005,0.9302325581395349,-2.5228356340985316,1,1,1.1656112642479326,0.0,1,0,0
1,0,0,1,0,0.3676092544987147,-0.5173577103058005,-1.2403100775193798,0.2732312961117544,1,1,-0.15838486180436565,0.0,1,0,0
1,0,0,0,0,2.1795201371036845,-0.5173577103058005,0.5581395348837209,0.2732312961117544,1,0,1.9618565149370484,0.0,0,1,0
1,1,0,1,0,0.7610968294772922,-0.5173577103058005,0.49612403100775193,0.2732312961117544,1,0,0.18371451985398196,0.0,0,0,1
1,0,0,0,0,0.0155955441302485,-0.5173577103058005,-0.8062015503875969,0.2732312961117544,1,1,-0.46442673023914177,0.0,0,1,0
1,0,0,0,0,0.1297343616109683,-0.5173577103058005,-0.12403100775193798,0.2732312961117544,1,1,-0.3651940698800566,0.0,1,0,0
1,1,1,0,0,-0.23564695801199656,0.607030144738274,0.6511627906976745,0.2732312961117544,1,0,0.0868658273113313,0.0,0,1,0
1,0,0,0,0,1.5494430162810626,1.1150288388290348,0.9147286821705426,0.2732312961117544,1,1,1.9865901810325561,0.0,1,0,0
0,0,0,1,0,-0.6531276778063411,0.512134073348569,-0.12403100775193798,0.2732312961117544,1,1,-0.34105639573865754,0.0,0,0,1
0,1,0,0,0,-0.13590402742073693,0.7084557623245185,-0.23255813953488372,0.2732312961117544,1,1,0.24301571928778962,0.0,0,1,0
1,0,0,0,1,2.1795201371036845,-0.5173577103058005,-0.6976744186046512,0.2732312961117544,1,0,1.6638605378827387,0.0,0,0,1
1,1,1,1,0,-0.4155955441302485,0.570899989117423,-0.5891472868217055,0.2732312961117544,1,1,-0.09431572673768904,0.0,0,1,0
1,0,2,0,0,0.38063410454155955,-0.5173577103058005,0.5891472868217055,0.2732312961117544,0,1,-0.14706101467630187,0.0,0,1,0
1,1,3,1,0,0.061525278491859466,-0.5173577103058005,0.0,-2.5228356340985316,1,0,-0.4244952693138643,0.0,0,0,1
1,1,1,1,0,-0.10711225364181662,-0.04592447491566003,0.10852713178294573,0.2732312961117544,1,1,-0.24837964687476718,0.0,0,0,1
1,1,2,1,0,0.03581833761782348,-0.5173577103058005,-0.06201550387596899,0.2732312961117544,1,1,-0.4468449675929375,0.0,0,1,0
0,0,0,1,0,0.20411311053984577,-0.5173577103058005,-0.12403100775193798,0.2732312961117544,1,1,-0.3005289428592714,0.0,0,1,0
0,0,0,0,0,-0.1948586118251928,-0.5173577103058005,-0.7441860465116279,0.2732312961117544,1,1,-0.647396260150488,0.0,0,0,1
1,0,0,1,0,0.055698371893744644,0.5843943845902709,-1.1317829457364341,0.2732312961117544,1,1,0.3246666170006705,0.0,1,0,0
1,0,0,0,0,-0.4570694087403599,-0.5173577103058005,-1.069767441860465,0.2732312961117544,1,1,-0.8753631825970349,0.0,0,0,1
1,0,0,0,0,-0.1352185089974293,-0.5173577103058005,-0.015503875968992248,0.2732312961117544,1,0,-0.595544960143038,0.0,0,1,0
0,0,0,0,0,2.120822622107969,-0.5173577103058005,1.3333333333333333,0.2732312961117544,1,0,1.3658645608284288,0.0,0,1,0
1,1,3,0,0,-0.13110539845758354,0.026771139405811297,0.0,0.2732312961117544,0,0,-0.21947403710049915,0.0,0,1,0
1,1,1,0,1,1.3622964867180805,-0.5173577103058005,1.7364341085271318,0.2732312961117544,1,1,0.7063994636072413,0.0,0,0,1
1,1,3,1,1,0.6479862896315338,-0.5173577103058005,0.031007751937984496,0.2732312961117544,1,1,0.08537584742605975,0.0,1,0,0
1,1,0,0,0,-0.21919451585261354,0.7976928936772227,0.13953488372093023,0.2732312961117544,1,1,0.23169187215972584,0.0,0,0,1
1,1,3,1,0,0.012853470437017995,-0.08945478289258897,-0.43410852713178294,0.2732312961117544,1,1,-0.17388065261118976,0.0,0,1,0
1,1,0,0,0,-1.2553556126820908,0.2661878332789204,0.10852713178294573,0.2732312961117544,1,0,-1.0330030544587647,0.0,1,0,0
1,1,0,0,0,-0.02930591259640103,0.2553052562846882,0.046511627906976744,0.2732312961117544,1,1,0.025478656038143484,0.0,0,1,0
1,1,2,0,0,0.4070265638389032,-0.5173577103058005,-0.8682170542635659,0.2732312961117544,0,0,-0.12411532444312001,0.0,0,1,0
0,1,2,0,0,0.16126820908311912,0.5199695287844162,-0.015503875968992248,0.2732312961117544,1,1,0.37234597332936004,0.0,0,1,0
1,1,0,0,0,-0.5455012853470437,-0.5173577103058005,-1.054263565891473,0.2732312961117544,0,0,-0.9522461446770468,0.0,0,0,1
1,1,2,0,0,0.06735218508997429,0.23005767765806942,-0.18604651162790697,0.2732312961117544,1,1,0.09222975489830887,0.0,0,1,0
1,0,0,0,0,-0.2884318766066838,0.6975731853302862,0.24806201550387597,0.2732312961117544,1,1,0.10295761007226402,0.0,0,1,0
1,1,0,0,0,1.2906598114824337,-0.07770159973881816,0.7286821705426356,0.2732312961117544,1,1,0.9450942412277434,0.0,0,1,0
1,1,0,0,0,0.8354755784061697,-0.5173577103058005,0.0,0.2732312961117544,1,1,0.24837964687476718,0.0,0,1,0
1,1,0,0,0,-0.1928020565552699,-0.5173577103058005,0.6511627906976745,0.2732312961117544,1,0,-0.6456082842881621,0.0,1,0,0
1,1,0,1,1,0.3161953727506427,-0.5173577103058005,0.15503875968992248,0.2732312961117544,1,0,-0.2030842583625121,0.0,0,0,1
1,1,2,0,0,0.8354755784061697,0.22048100990314506,1.2713178294573644,0.2732312961117544,1,1,0.7534828279818222,0.0,0,1,0
1,2,0,0,0,0.32407883461868037,-0.5173577103058005,0.46511627906976744,2.1372759162519452,1,1,-0.19623035089026297,0.0,0,1,0
1,0,0,0,1,0.8868894601542416,-0.5173577103058005,1.1162790697674418,0.2732312961117544,1,1,0.29307904343291363,0.0,1,0,0
1,1,1,0,0,-0.45295629820051414,0.3767548155403199,-0.37209302325581395,0.2732312961117544,1,1,-0.25970349400283094,0.0,0,1,0
1,1,0,0,0,-0.03307626392459297,-0.5173577103058005,-1.3333333333333333,-2.5228356340985316,1,1,-0.5067421589808537,0.0,1,0,0
1,0,0,1,0,-0.21371036846615252,0.6135596909348133,-0.12403100775193798,0.2732312961117544,1,1,0.11040750949862177,0.0,1,0,0
0,0,0,0,0,1.5494430162810626,-0.5173577103058005,2.0697674418604652,0.2732312961117544,1,1,0.8691052670788945,0.0,0,1,0
1,1,1,0,0,-0.22536418166238217,0.2570464686037654,0.18604651162790697,0.2732312961117544,1,1,-0.14378305892870447,0.0,0,1,0
1,1,1,0,0,0.5784061696658098,0.03112417020350419,0.6511627906976745,0.2732312961117544,1,1,0.40035759517246516,0.0,1,0,0
1,1,0,0,0,0.6627249357326478,-0.5173577103058005,1.9689922480620154,0.2732312961117544,1,0,0.09818967443939507,0.0,0,0,1
0,0,0,0,1,-0.11979434447300771,-0.5173577103058005,-0.09302325581395349,0.2732312961117544,1,1,-0.5821351411755942,0.0,0,0,1
0,0,1,0,0,-0.00017137960582690659,-0.5173577103058005,-0.24806201550387597,0.2732312961117544,1,1,-0.47813454518364,0.0,1,0,0
1,1,1,0,0,-0.17052270779777207,-0.5173577103058005,-0.49612403100775193,0.2732312961117544,1,1,-0.626238545779632,0.0,0,1,0
1,1,2,0,0,0.6877463581833761,1.6591576885406465,-0.12403100775193798,0.2732312961117544,1,1,1.6099232660359084,0.0,1,0,0
1,1,1,1,0,-0.4464438731790917,0.3458482968767004,0.18604651162790697,-2.5228356340985316,1,0,-0.27519928480965505,0.0,0,0,1
1,0,0,0,0,-0.29048843187660667,1.9643051474589184,0.4186046511627907,-4.386880254238722,1,1,0.9683379274379796,0.0,0,0,1
1,1,2,0,1,0.8354755784061697,0.048536293394275766,-0.31007751937984496,0.2732312961117544,1,1,0.6357744170453699,0.0,1,0,0
1,1,0,1,0,-0.13933161953727508,1.4053759930351508,-0.07751937984496124,0.2732312961117544,1,1,0.7171273187811964,0.0,0,1,0
1,0,0,0,1,0.766923736075407,1.3688105343345305,-0.12403100775193798,-2.5228356340985316,1,0,1.4799970200402295,0.0,0,0,1
1,1,2,0,0,2.0190231362467865,-0.5173577103058005,-0.24806201550387597,0.2732312961117544,1,1,1.2773597556432987,0.0,0,0,1
1,1,1,1,0,0.9581833761782348,-0.5173577103058005,0.13953488372093023,-2.5228356340985316,1,1,0.3550622066602101,0.0,0,0,1
1,1,1,0,0,-0.3189374464438732,0.2849058657089999,-0.07751937984496124,2.1372759162519452,1,1,-0.2060642181330552,0.0,0,1,0
1,1,0,0,0,-0.6867180805484148,0.2957884427032321,-0.5891472868217055,0.2732312961117544,1,1,-0.5183640020859719,0.0,0,0,1
1,1,0,1,0,-0.7350471293916024,1.1759712699967353,1.1317829457364341,0.2732312961117544,0,0,0.04216643075318483,0.0,0,1,0
0,0,2,0,0,-0.13213367609254498,-0.5173577103058005,0.15503875968992248,0.2732312961117544,1,0,-0.5928629963495493,0.0,0,0,1
1,0,0,1,1,-0.4214224507283633,0.42594406355424963,-0.37209302325581395,0.2732312961117544,1,1,-0.19861431870669746,0.0,1,0,0
1,1,1,1,0,-0.3946872322193659,1.9826422896941995,2.0697674418604652,-2.5228356340985316,1,1,1.294941518289503,0.0,0,1,0
1,0,0,0,1,2.1795201371036845,-0.5173577103058005,0.9922480620155039,0.2732312961117544,0,0,2.1273560306935857,0.0,0,0,1
0,0,3,0,0,-0.25004284490145673,-0.5173577103058005,1.9689922480620154,0.2732312961117544,1,1,-0.6953736124562319,0.0,1,0,0
1,0,0,1,0,0.7652099400171379,-0.5173577103058005,-0.20155038759689922,0.2732312961117544,0,0,0.18729047157863368,0.0,1,0,0
1,1,3,0,0,0.49271636675235647,-0.5173577103058005,-0.5271317829457365,0.2732312961117544,1,0,-0.049616330179542575,0.0,0,0,1
1,1,0,0,0,2.1795201371036845,0.39677875720970723,2.0697674418604652,0.2732312961117544,1,0,2.1273560306935857,0.0,1,0,0
1,1,3,1,0,0.38337617823479003,-0.5173577103058005,0.0,0.2732312961117544,1,0,-0.1446770468598674,0.0,0,1,0
1,1,1,0,0,0.7782347900599829,1.3326803787136794,2.0697674418604652,0.2732312961117544,1,1,1.465097221187514,0.0,0,0,1
1,0,0,0,0,-0.6006855184233076,0.4442267929045598,0.09302325581395349,0.2732312961117544,1,1,-0.34195038366982045,0.0,0,1,0
0,0,1,0,0,-0.11362467866323907,-0.5173577103058005,0.4186046511627907,-4.759689178266761,1,0,-0.5767712135886166,0.0,0,1,0
0,0,0,0,0,1.161096829477292,-0.5173577103058005,-0.12403100775193798,0.2732312961117544,1,1,0.5314758250763615,0.0,1,0,0
1,0,0,0,1,0.46392459297343613,-0.5173577103058005,0.0,0.2732312961117544,1,1,-0.0746479922521046,0.0,0,1,0
1,0,0,0,0,0.09682947729220223,0.98313200565894,0.35658914728682173,0.2732312961117544,1,1,0.6333904492289354,0.0,1,0,0
1,1,2,0,0,0.30694087403598974,0.08640766133420394,0.34108527131782945,0.2732312961117544,1,1,0.20219027043134918,0.0,0,1,0
1,1,3,0,0,0.17840616966580977,0.2709761671563826,0.49612403100775193,0.2732312961117544,0,1,0.21679207330701036,0.0,0,0,1
0,0,0,0,0,-0.1352185089974293,-0.5173577103058005,0.10852713178294573,0.2732312961117544,1,0,-0.595544960143038,0.0,1,0,0
0,0,1,0,0,-0.32099400171379605,0.161715094134291,-0.5891472868217055,0.2732312961117544,1,1,-0.2921850555017507,0.0,0,0,1
0,0,0,0,0,-0.1972579263067695,-0.5173577103058005,-1.5193798449612403,0.2732312961117544,1,1,-0.6494822319898681,0.0,0,0,1
1,1,0,0,0,2.1795201371036845,-0.5173577103058005,0.12403100775193798,0.2732312961117544,1,1,1.7073679505326678,0.0,0,0,1
1,0,0,0,0,-0.33573264781491,0.29100010882576993,-0.031007751937984496,0.2732312961117544,1,1,-0.21649407732995604,0.0,1,0,0
1,1,0,0,0,-0.4087403598971722,0.45032103602132983,0.34108527131782945,0.2732312961117544,1,1,-0.17090069284064666,0.0,0,1,0
1,1,2,0,0,0.029991431019708654,-0.5173577103058005,-0.5891472868217055,0.2732312961117544,1,1,-0.45191089920286076,0.0,0,1,0
1,1,1,0,0,-0.36418166238217653,0.2844705626292306,-0.20155038759689922,0.2732312961117544,1,1,-0.2456976830812784,0.0,0,1,0
1,1,0,0,0,0.06186803770351328,0.907824572858853,1.2248062015503876,0.2732312961117544,1,1,0.5514415555390002,0.0,0,1,0
1,1,0,0,0,-0.24318766066838046,0.048536293394275766,-0.7441860465116279,0.2732312961117544,1,1,-0.30201892274454295,0.0,0,0,1
1,1,0,0,0,2.1795201371036845,-0.5173577103058005,2.0697674418604652,0.2732312961117544,1,1,2.1273560306935857,0.0,0,1,0
0,1,0,1,0,0.09854327335047129,-0.5173577103058005,-0.06201550387596899,0.2732312961117544,1,1,-0.3923117037919988,0.0,1,0,0
1,0,1,1,1,0.08243359040274208,0.5386875612144956,0.46511627906976744,0.2732312961117544,0,0,0.3166207256202041,0.0,0,0,1
1,1,0,0,0,0.03924592973436161,-0.1691152464903689,-0.24806201550387597,0.2732312961117544,1,1,-0.20546822617894658,0.0,0,1,0
1,1,2,0,0,-0.5180805484147386,-0.0882359395799325,-0.7751937984496124,-2.5228356340985316,1,1,-0.6346420359681144,0.0,0,0,1
0,0,0,0,0,-0.6860325621251071,0.20785722058983566,-1.1472868217054264,0.2732312961117544,1,1,-0.5779631974968338,0.0,0,0,1
1,1,0,0,0,2.1795201371036845,-0.5173577103058005,0.0,0.2732312961117544,1,0,2.1273560306935857,0.0,1,0,0
1,0,0,0,0,-0.22433590402742073,0.81162259222984,-0.6046511627906976,0.2732312961117544,1,1,0.2367578037696491,0.0,1,0,0
0,0,0,0,1,-0.4155955441302485,0.23005767765806942,-0.4496124031007752,-0.6587910139583409,1,0,-0.3276465767712136,0.0,0,1,0
1,1,0,0,0,-0.037189374464438735,0.3532484492327783,-0.12403100775193798,0.2732312961117544,1,1,0.08567384340311406,0.0,1,0,0
0,0,0,0,0,0.10676949443016281,-0.5173577103058005,-0.20155038759689922,0.2732312961117544,1,1,-0.38515980034269537,0.0,0,1,0
1,0,0,0,0,1.952185089974293,-0.5173577103058005,0.9147286821705426,0.2732312961117544,1,1,1.2192505401177085,0.0,1,0,0
1,1,0,0,0,-0.2527849185946872,0.5343345304168027,0.17054263565891473,0.2732312961117544,1,1,0.022200700290546077,0.0,1,0,0
1,1,2,0,0,0.20137103684661525,-0.5173577103058005,-0.015503875968992248,0.2732312961117544,0,0,-0.30291291067570586,0.0,0,1,0
1,1,2,0,0,-0.2260497000856898,0.161715094134291,0.09302325581395349,0.2732312961117544,1,1,-0.20964016985770692,0.0,0,0,1
0,0,0,0,0,0.5499571550985433,-0.5173577103058005,0.23255813953488372,2.1372759162519452,0,0,0.00014899798852715488,0.0,0,0,1
1,1,0,0,0,-0.489974293059126,0.9339427576450103,0.6821705426356589,0.2732312961117544,1,1,0.08954779110482008,0.0,0,1,0
1,1,3,0,0,0.20685518423307625,0.026771139405811297,-0.27906976744186046,0.2732312961117544,1,1,0.07434999627505029,0.0,0,0,1
1,1,1,0,0,1.0497000856898029,-0.5173577103058005,1.1162790697674418,0.2732312961117544,1,1,0.43462713253371077,0.0,0,1,0
0,1,1,0,0,0.29254498714652954,-0.5173577103058005,0.10852713178294573,0.2732312961117544,1,1,-0.22364598077925948,0.0,0,0,1
0,0,0,0,0,0.4070265638389032,0.5887474153879638,0.35658914728682173,2.1372759162519452,1,0,0.6330924532518811,0.0,1,0,0
1,1,1,0,0,-0.616452442159383,0.755903798019371,-0.23255813953488372,0.2732312961117544,1,0,-0.1422930790434329,0.0,0,0,1
1,1,0,1,0,-0.689802913453299,0.7598215257372946,-0.5426356589147286,0.2732312961117544,0,0,-0.20338225433956642,0.0,0,0,1
1,1,0,1,0,-0.3213367609254499,0.24442267929045597,-0.35658914728682173,0.2732312961117544,1,1,-0.23586381583848617,0.0,0,1,0
0,0,0,0,0,0.4070265638389032,-0.5173577103058005,0.06201550387596899,0.2732312961117544,1,1,-0.12411532444312001,0.0,1,0,0
1,1,1,0,0,-0.7497857754927164,0.26749374251822833,-0.49612403100775193,0.2732312961117544,1,1,-0.5925650003724949,0.0,0,0,1
1,0,0,0,0,0.06426735218508997,0.570899989117423,0.18604651162790697,0.2732312961117544,1,1,0.32287864113834464,0.0,1,0,0
1,0,0,1,0,-0.6212510711225364,-0.5173577103058005,0.0,0.2732312961117544,1,0,-1.0181032556060494,0.0,0,0,1
0,0,0,0,0,-0.017309340188517566,0.20785722058983566,0.10852713178294573,0.2732312961117544,1,1,0.0034269537361245623,0.0,1,0,0
0,0,0,0,0,-0.48414738646101113,0.2936119273043857,-0.37209302325581395,0.2732312961117544,0,0,-0.3437383595321463,0.0,0,0,1
1,0,0,0,0,2.1795201371036845,-0.5173577103058005,2.0697674418604652,0.2732312961117544,1,0,2.1273560306935857,0.0,1,0,0
1,1,2,1,0,1.321165381319623,-0.5173577103058005,0.8837209302325582,0.2732312961117544,1,1,0.6706399463607241,0.0,1,0,0
0,0,0,0,0,-0.30694087403598974,-0.5173577103058005,-0.6821705426356589,0.2732312961117544,1,1,-0.7448409446472473,0.0,0,1,0
1,0,0,1,0,-0.3035132819194516,0.5295461965393405,-0.26356589147286824,0.2732312961117544,1,1,-0.025180660061089176,0.0,0,1,0
0,0,0,0,0,-0.4474721508140531,-0.5173577103058005,-1.1162790697674418,0.2732312961117544,1,1,-0.8670192952395143,0.0,1,0,0
1,1,2,0,1,0.6627249357326478,-0.5173577103058005,0.24806201550387597,-4.014071330210684,1,1,0.09818967443939507,0.0,1,0,0
1,1,0,0,0,-0.45912596401028277,0.2849058657089999,0.4806201550387597,0.2732312961117544,1,0,-0.3279445727482679,0.0,1,0,0
1,1,1,1,0,-0.14173093401885176,0.19653934051583416,-0.26356589147286824,-2.5228356340985316,1,1,-0.11249348133800194,0.0,0,0,1
1,1,2,0,0,-0.03273350471293916,-0.5173577103058005,-0.12403100775193798,0.2732312961117544,1,1,-0.5064441630037995,0.0,0,1,0
1,1,0,0,0,-0.6013710368466153,0.4115790619218631,-0.6201550387596899,0.2732312961117544,1,1,-0.3648960739030023,0.0,0,0,1
0,0,1,0,0,-0.09305912596401028,-0.5173577103058005,-0.24806201550387597,0.2732312961117544,1,1,-0.558891454965358,0.0,0,1,0
1,1,1,0,1,2.120822622107969,-0.5173577103058005,0.4186046511627907,0.2732312961117544,1,0,1.3658645608284288,0.0,1,0,0
1,1,0,0,0,-0.48414738646101113,0.42594406355424963,-0.20155038759689922,0.2732312961117544,1,1,-0.25314758250763614,0.0,0,1,0
1,1,3,0,0,0.1814910025706941,-0.4350854282294047,-0.06201550387596899,0.2732312961117544,1,1,-0.2638754376815913,0.0,0,1,0
1,1,2,1,0,-0.0724935732647815,0.17477418652736967,0.0,0.2732312961117544,1,1,-0.06719809282574685,0.0,1,0,0
0,0,0,0,0,-0.22159383033419022,0.7820219828055284,0.06201550387596899,0.2732312961117544,1,1,0.21887804514639053,0.0,1,0,0
1,1,3,0,0,2.1795201371036845,-0.5173577103058005,2.0697674418604652,0.2732312961117544,1,1,2.1273560306935857,0.0,1,0,0
1,1,1,0,1,1.6635818337617823,1.6517575361845684,2.0697674418604652,0.2732312961117544,0,0,2.1273560306935857,0.0,1,0,0
1,0,0,0,0,0.37857754927163667,-0.5173577103058005,0.031007751937984496,0.2732312961117544,0,1,-0.14884899053862774,0.0,1,0,0
1,1,0,0,1,0.6874035989717223,0.42289694199586464,0.8682170542635659,0.2732312961117544,1,1,0.7633166952246144,0.0,0,1,0
0,1,0,0,0,0.17840616966580977,0.5495701382087278,-0.27906976744186046,0.2732312961117544,1,0,0.4075094986217686,0.0,0,0,1
0,0,0,0,0,-0.4498714652956298,-0.5173577103058005,-0.9457364341085271,0.2732312961117544,1,1,-0.8691052670788945,0.0,0,0,1
1,0,1,0,0,0.19588688946015423,0.26314071172053544,-0.17054263565891473,0.2732312961117544,1,1,0.2266259405498026,0.0,0,0,1
1,0,0,0,0,-0.30077120822622105,-0.5173577103058005,-0.46511627906976744,0.2732312961117544,1,1,-0.7394770170602697,0.0,0,1,0
1,0,0,0,0,-0.33573264781491,-0.5173577103058005,-0.8837209302325582,0.2732312961117544,1,1,-0.7698726067198093,0.0,0,0,1
1,1,0,0,0,2.1795201371036845,-0.5173577103058005,2.0697674418604652,-2.5228356340985316,1,1,2.1273560306935857,0.0,0,0,1
1,1,1,0,1,2.0635818337617824,0.280552834911307,0.8372093023255814,-2.5228356340985316,1,1,1.8623258586009088,0.0,0,0,1
1,1,0,0,1,0.5794344473007712,1.4371531178583088,-0.8992248062015504,0.2732312961117544,1,1,1.3637785889890486,0.0,0,1,0
1,1,1,0,0,0.49271636675235647,-0.21786919142452932,0.49612403100775193,0.2732312961117544,1,1,0.15540490203382254,0.0,1,0,0
1,1,2,0,1,-0.4498714652956298,1.4850364566329306,0.7441860465116279,0.2732312961117544,1,1,0.5016762273709305,0.0,1,0,0
0,0,3,1,0,-0.6795201371036846,-0.5173577103058005,0.0,0.2732312961117544,0,0,-1.068762571705282,0.0,0,0,1
0,0,0,0,0,0.11910882604970009,-0.5173577103058005,-0.8837209302325582,0.2732312961117544,1,1,-0.37443194516874023,0.0,0,1,0
1,1,3,1,0,-0.3994858611825193,0.1734682772880618,0.6976744186046512,0.2732312961117544,1,0,-0.3523802428667213,0.0,1,0,0
0,0,0,0,0,-0.49168808911739503,-0.5173577103058005,-1.2713178294573644,0.2732312961117544,1,0,-0.9054607762795203,0.0,1,0,0
1,1,1,1,0,0.2541559554413025,0.01762977473065622,0.46511627906976744,0.2732312961117544,1,1,0.10921552559040452,0.0,0,0,1
1,1,3,1,0,-0.21919451585261354,-0.5173577103058005,-0.8372093023255814,0.2732312961117544,1,1,-0.6685539745213439,0.0,0,1,0
1,1,2,0,0,-0.4214224507283633,0.4968984655566438,-0.046511627906976744,0.2732312961117544,1,1,-0.15004097444684497,0.0,1,0,0
1,1,0,0,0,-0.45021422450728366,0.5526172597671128,0.49612403100775193,0.2732312961117544,1,1,-0.13692915145645534,0.0,0,1,0
1,1,0,1,0,-0.09922879177377893,0.8886712373490042,0.37209302325581395,0.2732312961117544,0,0,0.398271623333085,0.0,1,0,0
1,1,2,1,0,-0.25004284490145673,0.42637936663401893,-0.031007751937984496,0.2732312961117544,1,1,-0.04931833420248827,0.0,0,0,1
1,1,0,0,0,0.8639245929734362,1.4776363042768528,2.0310077519379846,0.2732312961117544,1,1,1.6388288758101766,0.0,0,1,0
1,1,0,0,0,-0.4070265638389032,1.9826422896941995,0.9147286821705426,0.2732312961117544,1,1,1.0306190866423304,0.0,1,0,0
1,1,0,0,0,1.8065124250214224,-0.5173577103058005,1.550387596899225,0.2732312961117544,1,1,1.0926022498696268,0.0,0,1,0
1,0,0,0,0,1.6923736075407028,1.2965502230928283,2.0697674418604652,0.2732312961117544,1,0,2.1273560306935857,0.0,1,0,0
1,1,3,0,0,-0.3929734361610968,0.38937860485362935,-0.5116279069767442,0.2732312961117544,1,1,-0.19891231468375176,0.0,1,0,0
0,1,0,0,1,0.5784061696658098,-0.5173577103058005,-0.35658914728682173,0.2732312961117544,0,0,0.024882664084034865,0.0,1,0,0
0,1,0,0,0,-0.47626392459297345,-0.29752965502230927,0.031007751937984496,0.2732312961117544,1,1,-0.7415629888996499,0.0,0,1,0
0,0,0,0,0,0.00017137960582690659,-0.5173577103058005,-0.18604651162790697,-2.5228356340985316,1,1,-0.4778365492065857,0.0,0,0,1
1,1,2,0,0,1.5494430162810626,0.861247143323539,0.5736434108527132,0.2732312961117544,1,1,1.8128585264098935,0.0,1,0,0
1,1,1,0,0,0.021422450728363324,-0.5173577103058005,-0.9457364341085271,0.2732312961117544,1,0,-0.4593607986292185,0.0,0,0,1
1,1,0,1,0,-0.27849185946872324,0.20785722058983566,-0.43410852713178294,2.1372759162519452,0,0,-0.22364598077925948,0.0,0,0,1
1,1,3,0,0,0.46426735218508997,0.861247143323539,1.1162790697674418,0.2732312961117544,1,1,0.8694032630559487,0.0,0,1,0
0,0,1,0,0,0.31208226221079693,-0.5173577103058005,-0.7286821705426356,0.2732312961117544,1,0,-0.20666021008716381,0.0,0,1,0
1,1,2,0,0,0.4070265638389032,1.0788986832081837,1.6744186046511629,0.2732312961117544,1,1,0.9686359234150339,0.0,0,1,0
1,1,0,0,0,0.3213367609254499,0.4982043747959517,0.031007751937984496,0.2732312961117544,1,1,0.49661029576100724,0.0,0,0,1
1,1,0,0,0,-0.27403598971722365,0.8029165306344542,-0.5116279069767442,-0.6587910139583409,1,1,0.187588467555688,0.0,0,0,1
1,0,0,0,1,1.0315338474721507,-0.5173577103058005,0.20155038759689922,0.2732312961117544,1,1,0.4188333457498324,0.0,1,0,0
1,0,0,1,0,0.82382176520994,-0.5173577103058005,0.07751937984496124,0.2732312961117544,1,0,0.23824778365492066,0.0,1,0,0
1,0,0,0,0,-0.4498714652956298,-0.5173577103058005,-0.49612403100775193,2.1372759162519452,1,0,-0.8691052670788945,0.0,0,1,0
1,0,0,0,0,0.449528706083976,-0.5173577103058005,-0.06201550387596899,0.2732312961117544,0,0,-0.08716382328838561,0.0,1,0,0
1,1,1,0,0,0.8611825192802056,-0.5173577103058005,0.7286821705426356,0.2732312961117544,1,1,0.27072934515384045,0.0,0,1,0
1,1,0,0,0,2.1795201371036845,1.7749483077592774,2.0697674418604652,0.2732312961117544,1,0,2.1273560306935857,0.0,1,0,0
0,0,0,0,1,2.1795201371036845,-0.5173577103058005,-1.1317829457364341,0.2732312961117544,1,1,2.1273560306935857,0.0,0,1,0
1,1,2,0,0,0.4704370179948586,-0.5173577103058005,0.4186046511627907,0.2732312961117544,1,1,-0.06898606868807271,0.0,0,1,0
1,1,2,0,1,1.8887746358183377,1.9826422896941995,2.0697674418604652,-0.6587910139583409,1,1,2.1273560306935857,0.0,1,0,0
1,0,1,0,0,-0.2572407883461868,0.3475895091957776,-0.26356589147286824,-2.5228356340985316,0,0,-0.10951352156745883,0.0,0,0,1
0,0,0,0,0,-0.3593830334190231,0.11774948307759277,-0.27906976744186046,0.2732312961117544,1,1,-0.3556581986143187,0.0,0,0,1
1,1,0,0,0,0.34430162810625536,-0.11557296767874632,-0.12403100775193798,-2.5228356340985316,1,1,0.0964016985770692,0.0,0,0,1
1,1,3,0,0,1.6923736075407028,1.6574164762215693,0.031007751937984496,0.2732312961117544,1,1,2.1273560306935857,0.0,1,0,0
1,1,0,0,0,0.17052270779777207,-0.5173577103058005,0.031007751937984496,0.2732312961117544,1,1,-0.32973254861059376,0.0,0,1,0
1,0,0,0,0,-0.2548414738646101,-0.5173577103058005,-0.8837209302325582,2.1372759162519452,1,0,-0.6995455561349921,0.0,0,0,1
1,1,2,0,0,0.5410454155955441,-0.5173577103058005,0.031007751937984496,0.2732312961117544,1,1,-0.007598897414884899,0.0,0,0,1
1,1,0,0,0,-0.16435304198800343,0.570899989117423,0.0,0.2732312961117544,1,1,0.12411532444312001,0.0,0,1,0
1,0,0,0,0,0.7295629820051414,1.324844923277832,2.0697674418604652,0.2732312961117544,1,1,1.4174178648588245,0.0,0,1,0
0,0,0,0,0,0.7497857754927164,-0.5173577103058005,0.43410852713178294,0.2732312961117544,1,1,0.17388065261118976,0.0,0,0,1
1,0,0,0,1,1.1497857754927163,-0.5173577103058005,0.0,0.2732312961117544,1,1,0.5216419578335693,0.0,0,0,1
1,1,2,0,0,0.25826906598114824,-0.5173577103058005,-0.43410852713178294,0.2732312961117544,1,0,-0.25344557848469046,0.0,0,0,1
1,0,1,0,0,-0.04987146529562982,-0.5173577103058005,-0.23255813953488372,-2.5228356340985316,1,1,-0.521343961856515,0.0,0,0,1
1,0,0,1,0,-0.5026563838903171,0.17912721732506257,0.06201550387596899,0.2732312961117544,1,1,-0.4382030842583625,0.0,0,1,0
1,1,0,1,0,-0.2750642673521851,0.847752747850691,0.0,0.2732312961117544,0,0,0.21738806526111898,0.0,0,0,1
1,1,0,0,0,-0.5071122536418167,0.534769833496572,0.12403100775193798,0.2732312961117544,1,1,-0.19861431870669746,0.0,0,0,1
1,1,0,0,0,0.574293059125964,-0.5173577103058005,-0.046511627906976744,0.2732312961117544,1,1,0.021306712359383147,0.0,1,0,0
1,0,3,0,0,1.8353041988003427,-0.5173577103058005,0.8837209302325582,0.2732312961117544,1,1,1.1176339119421888,0.0,1,0,0
1,1,3,0,0,1.9508140531276779,-0.5173577103058005,2.0697674418604652,0.2732312961117544,1,1,1.2180585562094912,0.0,1,0,0
1,1,0,0,0,-0.4214224507283633,0.4033083034062466,-0.12403100775193798,0.2732312961117544,1,1,-0.21411010951352158,0.0,0,0,1
1,1,2,1,0,-0.6236503856041131,0.19000979431929482,-0.23255813953488372,-2.5228356340985316,1,1,-0.5359457647321761,0.0,0,1,0
1,1,2,0,0,-0.2442159383033419,0.0920666013712047,-0.23255813953488372,0.2732312961117544,1,1,-0.2731133129702749,0.0,0,0,1
1,1,2,0,0,-0.18389031705227077,-0.30667101969746435,0.10852713178294573,0.2732312961117544,1,1,-0.49363033599046413,0.0,0,1,0
0,0,0,0,0,-0.21679520137103683,-0.5173577103058005,-0.8837209302325582,0.2732312961117544,0,0,-0.6664680026819638,0.0,0,0,1
1,1,0,0,0,-0.2671808054841474,0.11774948307759277,-0.5116279069767442,0.2732312961117544,1,1,-0.2754972807867094,0.0,0,0,1
1,0,0,1,0,0.030676949443016282,0.20785722058983566,-0.29457364341085274,0.2732312961117544,1,1,0.04514639052372793,0.0,1,0,0
0,0,0,0,0,-0.792630676949443,0.2661878332789204,-0.3875968992248062,0.2732312961117544,0,0,-0.6307084854354467,0.0,0,1,0
1,1,2,1,0,-0.31653813196229647,-0.5173577103058005,-1.2868217054263567,-2.5228356340985316,0,0,-0.7531848320047679,0.0,0,0,1
1,0,0,1,0,-0.36246786632390743,-0.5173577103058005,-0.9767441860465116,-0.6587910139583409,1,0,-0.7931162929300455,0.0,1,0,0
1,0,0,0,0,-0.4498714652956298,1.9826422896941995,-0.3875968992248062,0.2732312961117544,1,1,2.1273560306935857,0.0,0,1,0
0,0,0,1,0,-0.6339331619537275,-0.5173577103058005,-1.1627906976744187,0.2732312961117544,1,1,-1.0291291067570587,0.0,0,1,0
0,0,0,0,1,1.2437017994858612,-0.5173577103058005,1.0232558139534884,0.2732312961117544,1,0,0.6032928555464501,0.0,1,0,0
0,0,0,0,0,0.2517566409597258,-0.5173577103058005,-0.20155038759689922,0.2732312961117544,1,1,-0.25910750204872235,0.0,0,1,0
1,1,0,1,0,-0.5640102827763496,0.5273696811404941,-0.20155038759689922,0.2732312961117544,1,1,-0.25314758250763614,0.0,0,0,1
0,0,0,1,0,-0.5482433590402742,-0.5173577103058005,-0.9612403100775194,0.2732312961117544,1,1,-0.9546301124934813,0.0,1,0,0
1,1,1,0,0,1.5381319622964866,-0.5173577103058005,0.37209302325581395,-0.6587910139583409,0,0,0.8592713998361022,0.0,0,1,0
1,1,3,0,0,2.1795201371036845,-0.5173577103058005,2.0697674418604652,0.2732312961117544,0,0,2.1273560306935857,0.0,1,0,0
0,0,1,1,1,0.01868037703513282,-0.5173577103058005,-1.0232558139534884,0.2732312961117544,1,0,-0.461744766445653,0.0,0,1,0
1,1,0,0,0,0.8375321336760926,-0.5173577103058005,0.49612403100775193,0.2732312961117544,1,1,0.25016762273709303,0.0,0,0,1
1,1,0,1,0,0.7826906598114824,-0.5173577103058005,1.3953488372093024,0.2732312961117544,0,0,0.20248826640840348,0.0,1,0,0
1,1,0,1,0,-0.5345329905741216,0.3676134508651649,-0.27906976744186046,0.2732312961117544,1,1,-0.3368844520598972,0.0,1,0,0
0,1,0,1,0,-0.5701799485861182,0.8917183589073893,0.7751937984496124,0.2732312961117544,0,0,-0.009088877300156449,0.0,0,1,0
0,0,0,0,0,-0.2802056555269923,-0.5173577103058005,-1.054263565891473,0.2732312961117544,1,1,-0.7215972584370111,0.0,0,0,1
0,0,1,0,0,-0.4155955441302485,-0.5173577103058005,0.49612403100775193,0.2732312961117544,1,0,-0.8393056693734634,0.0,0,0,1
1,1,2,0,1,-0.7583547557840618,1.9826422896941995,1.7209302325581395,0.2732312961117544,1,0,2.1273560306935857,0.0,0,0,1
1,1,0,0,0,-0.9554413024850043,0.689737729894439,-0.24806201550387597,0.2732312961117544,1,1,-0.48230648886240035,0.0,1,0,0
1,1,0,0,0,-0.19417309340188518,0.09946675372728261,0.15503875968992248,0.2732312961117544,1,1,-0.22453996871042242,0.0,0,1,0
1,1,0,0,0,0.6911739502999144,-0.5173577103058005,0.15503875968992248,0.2732312961117544,1,1,0.12292334053490278,0.0,1,0,0
0,0,0,1,0,-0.3744644387317909,-0.5173577103058005,-0.7441860465116279,0.2732312961117544,0,0,-0.8035461521269462,0.0,0,0,1
1,1,0,0,0,-0.6829477292202228,0.23092828381760802,-0.43410852713178294,0.2732312961117544,1,1,-0.5594874469194666,0.0,0,0,1
1,1,1,0,0,1.1782347900599828,0.20829252366960496,-0.27906976744186046,0.2732312961117544,0,0,1.0431349176786113,0.0,0,0,1
1,1,0,0,0,2.1795201371036845,-0.5173577103058005,-0.49612403100775193,0.2732312961117544,1,1,2.1273560306935857,0.0,0,1,0
1,1,0,0,0,-0.3929734361610968,1.3544455327021439,-0.10852713178294573,0.2732312961117544,1,1,0.461744766445653,0.0,1,0,0
0,0,1,1,0,0.27197943444730077,-0.5173577103058005,-0.7286821705426356,0.2732312961117544,1,0,-0.24152573940251806,0.0,1,0,0
1,1,2,0,0,0.7275064267352185,-0.5173577103058005,0.07751937984496124,0.2732312961117544,1,1,0.1545109141026596,0.0,0,1,0
1,1,0,0,0,-0.3059125964010283,-0.5103406242942649,-0.6356589147286822,0.2732312961117544,1,1,-0.7391432613156522,0.0,1,0,0
1,0,0,1,0,-0.37549271636675235,-0.5173577103058005,-1.054263565891473,-2.5228356340985316,1,1,-0.8044401400581093,0.0,0,0,1
0,0,1,0,1,1.6491859468723222,-0.5173577103058005,0.34108527131782945,0.2732312961117544,1,1,0.9558220964016986,0.0,0,1,0
1,0,0,0,0,0.921165381319623,-0.5173577103058005,-0.35658914728682173,0.2732312961117544,0,0,0.32287864113834464,0.0,1,0,0
1,0,0,0,0,2.1795201371036845,-0.5173577103058005,2.0697674418604652,0.2732312961117544,1,1,2.1273560306935857,0.0,0,1,0
1,1,0,0,0,-0.4755784061696658,0.5012514963543367,0.23255813953488372,0.2732312961117544,1,1,-0.1941443790508828,0.0,0,1,0
1,0,0,0,0,-0.021422450728363324,-0.5173577103058005,-0.43410852713178294,0.2732312961117544,1,1,-0.49661029576100724,0.0,0,0,1
0,2,0,0,0,2.1369323050556983,-0.5173577103058005,0.0,-1.5908133240284363,1,1,1.3798703717499814,0.0,0,1,0
1,0,0,0,0,-0.6466152527849186,0.2883882903471542,-1.2093023255813953,0.2732312961117544,1,1,-0.4885644043805409,0.0,0,1,0
1,1,0,0,0,-0.5482433590402742,-0.027641745565349873,0.0,0.2732312961117544,1,1,-0.6193846383073829,0.0,0,0,1
1,0,0,0,1,2.1795201371036845,-0.5173577103058005,0.9147286821705426,0.2732312961117544,0,0,1.4898308872830217,0.0,0,0,1
0,1,0,1,1,1.141216795201371,-0.5173577103058005,0.15503875968992248,0.2732312961117544,1,1,0.5141920584072115,0.0,1,0,0
1,0,0,0,0,-0.05227077977720651,1.687017085645881,0.9147286821705426,0.2732312961117544,1,1,0.9856216941071295,0.0,0,1,0
1,1,0,0,0,1.4013710368466152,0.280552834911307,0.8062015503875969,0.2732312961117544,1,1,1.2865976309319824,0.0,1,0,0
1,0,3,1,0,0.3065981148243359,0.35020132767439327,0.31007751937984496,0.2732312961117544,1,1,0.3824778365492066,0.0,0,1,0
1,0,1,0,0,2.1795201371036845,-0.5173577103058005,0.37209302325581395,0.2732312961117544,1,1,2.1273560306935857,0.0,0,1,0
1,1,0,0,0,1.2066838046272494,1.9826422896941995,0.7286821705426356,-0.6587910139583409,1,1,2.1273560306935857,0.0,1,0,0
1,1,1,0,1,-0.11876606683804627,0.009359016215039722,0.031007751937984496,0.2732312961117544,1,1,-0.22066602100871638,0.0,1,0,0
1,1,2,1,0,0.2877463581833762,-0.5173577103058005,-0.27906976744186046,0.2732312961117544,1,1,-0.22781792445801982,0.0,1,0,0
1,1,0,0,0,-0.09374464438731792,0.08161932745674176,-1.1317829457364341,0.2732312961117544,1,0,-0.14944498249273636,0.0,1,0,0
1,1,2,0,0,-0.16195372750642673,0.2270105560996844,0.34108527131782945,0.2732312961117544,0,0,-0.10921552559040452,0.0,1,0,0
1,0,1,1,1,-0.35766923736075407,0.1538796386984438,0.9612403100775194,0.2732312961117544,1,0,-0.32943455263353943,0.0,0,1,0
1,1,2,1,0,-0.5153384747215082,0.028947654804657743,-0.046511627906976744,0.2732312961117544,0,0,-0.5520375474931088,0.0,1,0,0
1,1,2,1,0,-0.6356469580119966,0.11644357383828491,-1.054263565891473,-0.6587910139583409,1,1,-0.5967369440512553,0.0,0,0,1
1,1,0,0,0,0.04644387317909169,0.23702252693437806,0.32558139534883723,0.2732312961117544,0,0,0.07881993593086493,0.0,1,0,0
1,1,0,0,0,-0.4556983718937446,0.5560996844052671,-0.5891472868217055,-2.5228356340985316,0,1,-0.1393131192728898,0.0,1,0,0
1,0,0,0,1,1.1216795201371037,-0.5173577103058005,-0.6821705426356589,0.2732312961117544,1,1,0.4972062877151158,0.0,0,1,0
1,1,2,0,0,0.015938303341902313,-0.5173577103058005,-0.49612403100775193,0.2732312961117544,1,1,-0.46412873426208745,0.0,0,1,0
1,1,0,0,0,0.16743787489288775,-0.5173577103058005,-0.15503875968992248,0.2732312961117544,1,1,-0.33241451240408254,0.0,0,0,1
1,1,0,0,0,-0.03581833761782348,0.600935901621504,0.6976744186046512,0.2732312961117544,1,0,0.25642553825523356,0.0,0,0,1
1,0,2,0,0,0.18560411311053984,-0.5173577103058005,0.12403100775193798,0.2732312961117544,1,1,-0.3166207256202041,0.0,1,0,0
1,1,0,0,0,1.5497857754927165,-0.5173577103058005,0.49612403100775193,0.2732312961117544,1,0,0.8694032630559487,0.0,0,1,0
1,1,0,0,1,-0.59280205655527,1.259984764392208,0.49612403100775193,0.2732312961117544,1,1,0.22334798480220516,0.0,0,1,0
1,1,3,0,0,1.3461868037703513,-0.5173577103058005,0.0,-2.5228356340985316,1,1,0.6923936526856888,0.0,0,0,1
1,1,0,0,0,-0.27335047129391604,0.4350854282294047,0.3875968992248062,0.2732312961117544,1,1,-0.06362214110109514,0.0,1,0,0
0,0,1,1,0,0.4724935732647815,-0.5173577103058005,0.06201550387596899,0.2732312961117544,1,1,-0.06719809282574685,0.0,0,1,0
1,0,0,0,0,0.12116538131962297,-0.5173577103058005,-0.46511627906976744,0.2732312961117544,0,0,-0.37264396930641436,0.0,0,1,0
1,0,0,0,0,0.7497857754927164,-0.5173577103058005,0.18604651162790697,0.2732312961117544,1,1,0.17388065261118976,0.0,1,0,0
1,1,3,1,0,-0.2966580976863753,0.2069866144302971,-0.8992248062015504,-2.5228356340985316,0,0,-0.2400357595172465,0.0,0,0,1
1,1,0,0,0,2.1795201371036845,-0.5173577103058005,-0.27906976744186046,0.2732312961117544,1,1,2.1273560306935857,0.0,0,1,0
0,1,2,1,0,-1.234790059982862,0.7524213733812166,-0.46511627906976744,0.2732312961117544,1,1,-0.6822617894658423,0.0,0,1,0
1,1,0,0,0,0.17840616966580977,0.5495701382087278,-0.27906976744186046,0.2732312961117544,1,0,0.4075094986217686,0.0,0,0,1
1,1,1,0,1,-0.12425021422450729,0.3876373925345522,0.5271317829457365,0.2732312961117544,1,1,0.03352454741860985,0.0,0,1,0
1,1,1,1,0,-0.3974293059125964,0.13559690934813365,-0.23255813953488372,-2.5228356340985316,0,0,-0.3765179170081204,0.0,1,0,0
1,1,3,0,0,0.3011139674378749,-0.5173577103058005,-0.43410852713178294,0.2732312961117544,1,1,-0.21619608135290175,0.0,0,1,0
0,0,0,0,1,-0.4498714652956298,-0.5173577103058005,-0.5426356589147286,0.2732312961117544,1,1,-0.8691052670788945,0.0,0,0,1
1,0,2,0,0,0.5893744644387318,1.5059310044618566,0.5271317829457365,0.2732312961117544,1,1,1.4195038366982047,0.0,1,0,0
1,1,2,0,1,2.1795201371036845,-0.075960387419741,0.34108527131782945,0.2732312961117544,1,1,2.1273560306935857,0.0,1,0,0
1,1,2,0,0,0.9897172236503856,0.24442267929045597,1.5813953488372092,-0.6587910139583409,1,1,0.9039707963942487,0.0,0,1,0
1,1,2,0,0,-0.3220222793487575,0.29752965502230927,0.06201550387596899,0.2732312961117544,0,0,-0.20010429859196902,0.0,0,1,0
1,1,1,0,1,2.1795201371036845,0.46207421917510066,-0.6511627906976745,0.2732312961117544,1,1,2.1273560306935857,0.0,0,1,0
1,1,2,0,0,-0.2966580976863753,0.18043312656437044,0.0,0.2732312961117544,1,0,-0.25821351411755944,0.0,0,0,1
0,0,0,1,0,0.1842330762639246,-0.5173577103058005,0.40310077519379844,0.2732312961117544,1,1,-0.3178127095284214,0.0,1,0,0
1,1,3,1,0,-0.24592973436161097,-0.5173577103058005,-0.23255813953488372,0.2732312961117544,1,1,-0.6917976607315801,0.0,1,0,0
1,1,0,0,0,-0.59280205655527,0.8538469909674611,0.0,0.2732312961117544,1,1,-0.05468226178946584,0.0,0,1,0
1,1,0,0,0,2.1795201371036845,-0.5173577103058005,1.6434108527131783,0.2732312961117544,1,1,1.6140952097146688,0.0,0,1,0
1,1,2,0,0,1.5494430162810626,-0.5173577103058005,1.8294573643410852,0.2732312961117544,1,1,0.8691052670788945,0.0,0,1,0
1,1,1,1,0,-0.6356469580119966,0.5430405920121885,0.046511627906976744,0.2732312961117544,1,1,-0.30470088653803173,0.0,1,0,0
1,0,2,0,0,-0.0910025706940874,-0.5173577103058005,-0.7441860465116279,0.2732312961117544,0,0,-0.5571034791030322,0.0,1,0,0
1,1,1,0,0,2.1795201371036845,-0.5173577103058005,2.0697674418604652,0.2732312961117544,1,0,2.1273560306935857,0.0,0,0,1
1,1,2,0,1,0.2640959725792631,0.38937860485362935,0.49612403100775193,0.2732312961117544,1,1,0.37234597332936004,0.0,0,1,0
1,0,0,0,0,-0.4721508140531277,-0.5173577103058005,-0.8217054263565892,0.2732312961117544,1,0,-0.8884750055874245,0.0,0,0,1
1,0,0,1,0,-0.381662382176521,0.6949613668516704,-0.49612403100775193,0.2732312961117544,1,1,0.02011472845116591,0.0,0,1,0
1,1,1,1,0,0.521165381319623,-0.025029927086734138,0.8992248062015504,0.2732312961117544,1,1,0.3121507859643895,0.0,0,0,1
1,0,0,1,0,-0.0416452442159383,-0.5173577103058005,-0.27906976744186046,0.2732312961117544,1,1,-0.5141920584072115,0.0,1,0,0
0,0,0,1,1,2.1795201371036845,-0.5173577103058005,1.503875968992248,0.2732312961117544,1,1,2.1273560306935857,0.0,0,1,0
1,1,0,0,0,-0.07386461011139675,0.42159103275655674,-0.13953488372093023,0.2732312961117544,0,0,0.10057364225582954,0.0,1,0,0
0,1,1,0,0,-0.16675235646958012,-0.11992599847643923,-0.35658914728682173,-4.014071330210684,1,1,-0.35089026298144976,0.0,0,1,0
1,1,0,1,0,-0.4155955441302485,0.2226575253019915,-0.32558139534883723,0.2732312961117544,1,1,-0.33271250838113686,0.0,1,0,0
1,1,0,0,0,0.27849185946872324,0.7263031885950593,-0.26356589147286824,-5.132498102294799,1,1,0.6155106906056769,0.0,0,0,1
1,1,1,0,1,-0.3144815766923736,-0.5173577103058005,-0.5116279069767442,0.2732312961117544,1,1,-0.7513968561424421,0.0,0,1,0
1,0,0,0,0,0.8467866323907455,1.4049406899553813,1.255813953488372,0.2732312961117544,0,0,1.5741637487893914,0.0,1,0,0
0,0,0,0,0,-1.0856898029134534,1.0858635324844923,-0.23255813953488372,2.1372759162519452,1,1,-0.3243686210236162,0.0,1,0,0
0,0,0,0,0,-0.22399314481576693,-0.5173577103058005,-0.43410852713178294,0.2732312961117544,1,1,-0.6727259182001043,0.0,0,1,0
1,1,2,0,0,0.3607540702656384,1.930786810316683,1.2403100775193798,0.2732312961117544,1,1,1.5115845936079864,0.0,0,1,0
1,1,1,1,0,0.08140531276778064,1.7906192186309717,0.15503875968992248,0.2732312961117544,1,0,1.172763167697236,0.0,1,0,0
1,1,0,1,0,0.0005141388174807198,0.1281967569920557,-0.06201550387596899,-0.6587910139583409,1,1,-0.03561051925799002,0.0,0,1,0
1,1,2,0,0,-0.1036846615252785,1.4049406899553813,1.7829457364341086,0.2732312961117544,1,1,0.7478209044177904,0.0,1,0,0
1,1,0,0,0,2.1795201371036845,1.9826422896941995,2.0697674418604652,0.2732312961117544,1,1,2.1273560306935857,0.0,0,0,1
1,0,0,0,0,-0.07866323907455013,-0.5173577103058005,-0.49612403100775193,0.2732312961117544,1,0,-0.5463756239290769,0.0,0,0,1
1,1,0,0,1,-0.4570694087403599,0.7942104690390684,0.9302325581395349,0.2732312961117544,1,1,0.02249869626760039,0.0,0,0,1
0,0,1,0,0,2.1795201371036845,-0.5173577103058005,-1.3643410852713178,0.2732312961117544,1,1,2.1273560306935857,0.0,0,0,1
1,0,0,1,0,-0.07352185089974293,0.042877353357275,-0.43410852713178294,0.2732312961117544,1,0,-0.15838486180436565,0.0,1,0,0
1,1,1,0,0,0.7720651242502142,0.35498966155185546,1.8914728682170543,0.2732312961117544,1,1,0.7904343291365566,0.0,0,1,0
1,1,2,0,0,-0.1814910025706941,0.36848405702470344,0.31007751937984496,0.2732312961117544,1,1,-0.029352603739849513,0.0,0,0,1
1,1,0,0,0,-0.5766923736075407,1.9826422896941995,-0.8992248062015504,-2.5228356340985316,1,0,1.00707740445504,0.0,0,1,0
1,0,0,0,0,0.6863753213367609,1.0784633801284145,2.0697674418604652,0.2732312961117544,1,0,1.211204648737242,0.0,1,0,0
1,1,3,0,0,-0.11876606683804627,0.9748612471433236,0.34108527131782945,0.2732312961117544,1,1,0.44028905609774266,0.0,1,0,0
0,1,2,0,0,-0.6106255355612682,0.19305691587767984,-0.23255813953488372,2.1372759162519452,1,1,-0.5225359457647322,0.0,0,1,0
1,1,0,1,0,-0.25312767780634104,0.2661878332789204,-0.07751937984496124,0.2732312961117544,0,0,-0.16166281755196305,0.0,0,1,0
1,0,0,0,0,0.2983718937446444,0.31624768745238874,0.8837209302325582,0.2732312961117544,1,0,0.352082246889667,0.0,0,1,0
0,0,0,1,0,-0.14138817480719795,-0.5173577103058005,-0.5116279069767442,0.2732312961117544,1,0,-0.6009088877300156,0.0,1,0,0
1,1,2,1,0,-0.5554413024850042,0.24094025465230168,-1.2868217054263567,0.2732312961117544,1,1,-0.4417790359830142,0.0,0,1,0
1,0,0,0,0,-0.4498714652956298,-0.5173577103058005,-1.1317829457364341,0.2732312961117544,1,1,-0.8691052670788945,0.0,0,1,0
1,1,3,0,1,0.6390745501285348,0.10251387528566765,-0.43410852713178294,0.2732312961117544,1,1,0.5019742233479848,0.0,1,0,0
1,1,2,0,1,1.4174807197943444,1.9826422896941995,2.0697674418604652,0.2732312961117544,1,1,2.1273560306935857,0.0,1,0,0
1,0,0,0,0,0.29734361610968296,0.3911198171727065,0.0,0.2732312961117544,1,0,0.40244356701184536,0.0,0,1,0
1,1,2,0,1,2.1795201371036845,-0.5173577103058005,2.0697674418604652,0.2732312961117544,1,1,2.1273560306935857,0.0,1,0,0
1,1,0,0,0,-0.012853470437017995,-0.5173577103058005,-0.27906976744186046,0.2732312961117544,1,1,-0.48916039633464947,0.0,0,1,0
1,1,1,1,0,0.50471293916024,0.10512569376428338,0.5116279069767442,0.2732312961117544,0,1,0.38694777620502124,0.0,0,1,0
1,0,1,1,0,-0.3885175664095973,0.049406899553814346,-0.5271317829457365,0.2732312961117544,1,1,-0.42777322506146165,0.0,0,1,0
1,0,0,1,0,1.0181662382176522,-0.5173577103058005,0.031007751937984496,0.2732312961117544,1,1,0.4072115026447143,0.0,0,1,0
1,1,0,0,0,-0.9554413024850043,1.876809228425291,1.3643410852713178,0.2732312961117544,1,1,0.3303285405647024,0.0,1,0,0
1,1,3,0,0,0.16058269065981148,-0.5173577103058005,-0.43410852713178294,0.2732312961117544,1,1,-0.33837443194516875,0.0,0,0,1
1,0,2,0,0,-0.07694944301628107,-0.5173577103058005,-0.27906976744186046,0.2732312961117544,0,0,-0.5448856440438055,0.0,1,0,0
1,0,1,0,0,2.1795201371036845,-0.5173577103058005,1.054263565891473,0.2732312961117544,1,0,1.738359532146316,0.0,0,1,0
0,0,0,1,1,2.1795201371036845,-0.5173577103058005,-0.046511627906976744,0.2732312961117544,1,1,2.1273560306935857,0.0,0,0,1
1,0,0,1,0,-0.43273350471293914,0.3715311785830885,-0.031007751937984496,0.2732312961117544,1,1,-0.2456976830812784,0.0,1,0,0
1,1,0,0,0,0.7953727506426735,1.1829361192730439,2.0697674418604652,0.2732312961117544,1,1,1.3774864039335468,0.0,0,0,1
1,0,2,0,0,-0.06700942587832048,-0.5173577103058005,-0.32558139534883723,0.2732312961117544,1,1,-0.5362437607092304,0.0,0,1,0
1,1,0,1,0,-0.30694087403598974,-0.2840352595494613,-0.9612403100775194,0.2732312961117544,1,0,-0.5851151009461373,0.0,1,0,0
1,1,3,0,0,0.8927163667523564,-0.5173577103058005,0.4496124031007752,-2.5228356340985316,1,1,0.29814497504283693,0.0,1,0,0
0,1,1,0,0,0.2726649528706084,0.7210795516378279,0.18604651162790697,-2.5228356340985316,1,1,0.6068688072711018,0.0,0,1,0
0,0,0,0,0,-0.5739502999143102,-0.5173577103058005,-0.4496124031007752,0.2732312961117544,0,0,-0.9769798107725546,0.0,0,1,0
0,0,1,0,0,-0.055012853470437016,-0.5173577103058005,-0.5116279069767442,0.2732312961117544,1,1,-0.5258139015123295,0.0,0,1,0
1,1,1,1,0,-0.539331619537275,0.581347263031886,0.0,0.2732312961117544,1,1,-0.19474037100499142,0.0,0,0,1
0,1,0,1,0,-0.2726649528706084,-0.22875176841876158,-0.40310077519379844,0.2732312961117544,1,1,-0.5174700141548089,0.0,0,1,0
1,1,0,0,0,-0.3580119965724079,0.33148329524431386,0.4186046511627907,0.2732312961117544,1,1,-0.20815018997243537,0.0,1,0,0
1,0,0,1,0,-0.1557840616966581,-0.5173577103058005,-0.7441860465116279,-4.759689178266761,1,0,-0.6134247187662967,0.0,0,1,0
1,0,0,0,0,-0.44095972579263065,0.25878768092284254,0.26356589147286824,0.2732312961117544,1,1,-0.3300305445876481,0.0,1,0,0
0,0,0,0,0,0.4070265638389032,-0.5173577103058005,-0.3875968992248062,0.2732312961117544,0,0,-0.12411532444312001,0.0,0,1,0
1,1,0,0,0,-0.35218508997429304,0.36021329850908695,-0.27906976744186046,0.2732312961117544,1,1,-0.18341652387692767,0.0,1,0,0
1,1,2,0,1,0.9667523564695801,-0.5173577103058005,0.0,0.2732312961117544,0,0,0.3625121060865678,0.0,1,0,0
1,1,1,1,0,-0.4526135389888603,0.5164871041462619,0.0,0.2732312961117544,1,1,-0.1637487893913432,0.0,1,0,0
1,1,1,0,0,-0.16435304198800343,0.89737729894439,0.46511627906976744,0.2732312961117544,1,1,0.34761230723385234,0.0,0,0,1
1,1,0,1,0,-0.46563838903170524,0.4982043747959517,0.8217054263565892,0.2732312961117544,0,0,-0.187588467555688,0.0,0,0,1
1,1,0,0,0,-0.07523564695801199,1.339645227989988,0.06201550387596899,-2.5228356340985316,0,0,0.7278551739551516,0.0,1,0,0
1,1,1,0,0,0.5674378748928878,-0.06812493198389379,-1.5813953488372092,0.2732312961117544,1,1,0.32287864113834464,0.0,0,1,0
0,0,0,0,0,-0.39263067694944304,0.19000979431929482,-0.6821705426356589,0.2732312961117544,1,1,-0.3350964761975713,0.0,0,0,1
1,1,3,0,1,2.168466152527849,-0.5173577103058005,2.046511627906977,0.2732312961117544,1,1,1.4072860016389779,0.0,0,1,0
1,1,0,0,0,0.02553556126820908,0.6444662095984329,0.5271317829457365,0.2732312961117544,1,1,0.339566415853386,0.0,0,1,0
0,1,0,0,0,0.12596401028277635,0.48645119164218087,0.8372093023255814,0.2732312961117544,1,1,0.3187066974595843,0.0,0,1,0
1,1,2,1,0,-0.04712939160239932,-0.4120143650016324,-0.31007751937984496,0.2732312961117544,1,1,-0.4468449675929375,0.0,0,1,0
0,1,1,0,1,2.1795201371036845,-0.5173577103058005,2.0697674418604652,0.2732312961117544,1,1,2.1273560306935857,0.0,0,1,0
1,1,0,0,0,0.7233933161953727,0.3767548155403199,1.2868217054263567,0.2732312961117544,1,1,0.7630186992475602,0.0,1,0,0
1,0,0,1,1,0.6812339331619537,-0.5173577103058005,0.06201550387596899,0.2732312961117544,1,1,0.1142814572003278,0.0,0,1,0
1,1,2,0,0,1.7091688089117396,-0.5173577103058005,2.0155038759689923,0.2732312961117544,0,0,1.0079713923862028,0.0,0,0,1
1,1,0,1,0,0.22433590402742073,-0.5173577103058005,-0.12403100775193798,0.2732312961117544,1,1,-0.28294718021306714,0.0,1,0,0
1,0,0,0,0,-0.16435304198800343,-0.5173577103058005,-0.8992248062015504,0.2732312961117544,1,1,-0.6208746181926544,0.0,0,0,1
1,1,3,0,0,-0.14138817480719795,0.570899989117423,-0.07751937984496124,0.2732312961117544,0,0,0.14408105490575876,0.0,1,0,0
0,0,0,0,0,-0.49168808911739503,-0.5173577103058005,-1.8449612403100775,0.2732312961117544,1,0,-0.9054607762795203,0.0,0,0,1
1,1,0,0,0,-0.22159383033419022,0.38110784633801287,-0.37209302325581395,0.2732312961117544,0,0,-0.05557624972062877,0.0,0,0,1
1,1,1,0,0,-0.13556126820908312,0.24442267929045597,0.8992248062015504,0.2732312961117544,1,1,-0.07434999627505029,0.0,0,0,1
1,1,0,0,0,0.4467866323907455,0.11426705843943846,0.5736434108527132,0.2732312961117544,0,0,0.3428443716009834,0.0,0,0,1
1,1,2,0,0,2.1795201371036845,-0.5173577103058005,2.0697674418604652,0.2732312961117544,1,1,2.1273560306935857,0.0,0,0,1
1,1,2,1,0,0.792630676949443,0.19000979431929482,0.9147286821705426,2.1372759162519452,1,0,0.6953736124562319,0.0,0,1,0
1,1,3,0,0,0.8889460154241645,-0.5173577103058005,0.34108527131782945,0.2732312961117544,1,0,0.2948670192952395,0.0,0,1,0
1,1,2,0,0,-0.22399314481576693,-0.31668299053215804,-0.31007751937984496,-4.014071330210684,1,1,-0.5353497727780675,0.0,0,0,1
1,1,0,0,0,-0.2486718080548415,0.4446620959843291,0.12403100775193798,0.2732312961117544,0,0,-0.03561051925799002,0.0,0,1,0
1,0,0,0,0,-0.2,0.6749374251822832,-0.27906976744186046,0.2732312961117544,1,1,0.16434478134545183,0.0,0,0,1
1,1,1,0,0,-0.6959725792630677,0.4542387637392535,-0.32558139534883723,0.2732312961117544,1,1,-0.4179393578186694,0.0,1,0,0
1,0,0,0,0,-0.21610968294772923,0.7524213733812166,0.5116279069767442,0.2732312961117544,1,1,0.20338225433956642,0.0,0,0,1
1,1,2,0,0,0.9348757497857755,-0.5173577103058005,1.193798449612403,0.2732312961117544,1,1,0.334798480220517,0.0,0,1,0
1,0,0,0,0,-0.6774635818337618,1.9826422896941995,-0.5891472868217055,0.2732312961117544,1,0,2.1273560306935857,0.0,0,0,1
0,1,0,0,0,-0.22159383033419022,-0.5173577103058005,-1.426356589147287,0.2732312961117544,1,1,-0.6706399463607241,0.0,0,1,0
1,1,1,0,0,-0.662382176520994,-0.5173577103058005,-1.0387596899224807,0.2732312961117544,1,0,-1.0538627728525665,0.0,1,0,0
1,1,1,0,0,-0.35149957155098543,0.3171182936119273,0.27906976744186046,0.2732312961117544,0,0,-0.2123221336511957,0.0,1,0,0
1,1,1,0,0,0.16126820908311912,0.7885515290020677,0.6821705426356589,-4.014071330210684,1,0,0.5562094911718691,0.0,1,0,0
1,1,0,0,0,-0.5194515852613539,0.145173577103058,-0.37209302325581395,0.2732312961117544,1,1,-0.4760485733442599,0.0,0,0,1
0,0,0,1,0,-0.5646958011996572,-0.5173577103058005,-0.8992248062015504,0.2732312961117544,1,1,-0.9689339193920882,0.0,0,1,0
1,0,0,0,0,0.3213367609254499,-0.5173577103058005,-0.5271317829457365,0.2732312961117544,1,1,-0.19861431870669746,0.0,0,1,0
1,1,2,0,1,-0.37240788346186804,-0.5173577103058005,-0.34108527131782945,0.2732312961117544,0,0,-0.8017581762646204,0.0,0,1,0
1,1,0,0,0,-0.27849185946872324,0.9696376101860921,-1.1162790697674418,-2.5228356340985316,1,1,0.2978469790657826,0.0,0,1,0
1,1,2,0,1,0.7497857754927164,-0.5173577103058005,1.193798449612403,-1.5908133240284363,1,0,0.17388065261118976,0.0,0,1,0
1,0,3,0,1,1.9004284490145673,-0.5173577103058005,2.0697674418604652,0.2732312961117544,1,1,1.1742531475825075,0.0,0,1,0
1,1,0,0,0,0.015938303341902313,0.9191424529328545,0.21705426356589147,-2.5228356340985316,1,1,0.5192579900171348,0.0,1,0,0
1,1,0,0,1,2.1795201371036845,-0.5173577103058005,2.046511627906977,0.2732312961117544,1,1,2.1273560306935857,0.0,0,0,1
1,0,0,1,0,0.0070265638389031704,-0.5173577103058005,-0.27906976744186046,0.2732312961117544,1,1,-0.47187662966549954,0.0,1,0,0
1,1,2,1,1,0.8810625535561268,-0.08205463053651105,0.9147286821705426,0.2732312961117544,1,0,0.5860090888773002,0.0,1,0,0
1,0,0,0,0,-0.2829477292202228,-0.5173577103058005,-0.6201550387596899,0.2732312961117544,0,0,-0.7239812262534456,0.0,0,1,0
1,1,0,0,1,2.1081405312767783,-0.5173577103058005,0.8062015503875969,0.2732312961117544,1,1,1.3548387096774193,0.0,1,0,0
1,1,2,0,0,0.6743787489288775,-0.5173577103058005,0.9922480620155039,0.2732312961117544,1,1,0.1083215376592416,0.0,0,0,1
0,0,3,0,0,-1.1641816623821766,1.9826422896941995,2.0697674418604652,-2.5228356340985316,1,0,2.1273560306935857,0.0,0,0,1
1,1,0,1,0,-0.3148243359040274,0.6980084884100555,0.4186046511627907,0.2732312961117544,1,1,0.08030991581613649,0.0,1,0,0
1,1,3,0,0,0.6479862896315338,-0.5173577103058005,0.0,0.2732312961117544,1,1,0.08537584742605975,0.0,0,0,1
1,0,0,0,0,-0.0467866323907455,1.354880835781913,0.6821705426356589,0.2732312961117544,1,1,0.7630186992475602,0.0,1,0,0
0,1,1,0,0,2.1795201371036845,-0.5173577103058005,2.0697674418604652,0.2732312961117544,1,1,1.9618565149370484,0.0,0,1,0
1,1,0,1,0,-0.48414738646101113,1.1367939928174993,0.0,-2.5228356340985316,1,0,0.2334798480220517,0.0,0,0,1
1,1,1,0,0,-0.14138817480719795,0.570899989117423,0.6976744186046512,0.2732312961117544,1,1,0.14408105490575876,0.0,0,1,0
1,1,2,1,0,0.059811482433590406,0.09685493524866688,0.4496124031007752,0.2732312961117544,1,1,-0.005512925575504731,0.0,1,0,0
1,1,0,0,0,-0.19897172236503857,0.33148329524431386,-0.31007751937984496,0.2732312961117544,1,1,-0.06988005661923564,0.0,1,0,0
0,0,0,0,0,-0.31276778063410454,-0.5173577103058005,-0.8837209302325582,0.2732312961117544,1,1,-0.7499068762571706,0.0,1,0,0
1,1,3,0,0,0.10059982862039417,-0.5173577103058005,-1.3643410852713178,-2.5228356340985316,1,1,-0.39052372792967294,0.0,1,0,0
1,1,1,0,0,1.4599828620394173,-0.41288497116117095,1.937984496124031,0.2732312961117544,1,1,0.862847351560754,0.0,0,0,1
1,1,2,0,0,1.2923736075407026,-0.5173577103058005,0.9147286821705426,0.2732312961117544,1,1,0.6456082842881621,0.0,0,0,1
0,0,0,0,1,0.2640959725792631,-0.5173577103058005,0.07751937984496124,0.2732312961117544,0,0,-0.24837964687476718,0.0,0,1,0
